LEP_est_moe,D_est,D_uni,F_uni,F_uni_moe,LI_uni,LI_est,LI_est_moe,D_uni_moe,LI_uni_moe,LEP_uni_moe,D_est_moe,LEP_uni,OA_est,OA_est_moe,F_est_moe,F_est,LEP_est,NAME,state,county,tract,FB_uni,RM_est_moe,NC_est_moe,Y_est_moe,FB_est,NC_est,Y_est,RM_uni_moe,EM_uni_moe,EM_uni,RM_uni,FB_est_moe,NC_uni_moe,Y_uni,RM_est,Y_uni_moe,EM_est,EM_est_moe,NC_uni,FB_uni_moe,GEOID
40,30,1181,1181,205,1181,73,48,205,205,187,28,1083,373,115,166,678,33,Census Tract 1.01; District of Columbia; District of Columbia,11,001,000101,1181,194,115,43,161,311,115,205,205,1181,1181,77,128,1181,888,205,90,89,803,205,11001000101
116,244,3056,3056,396,3056,233,168,396,396,385,130,2921,951,232,313,1618,159,Census Tract 1.02; District of Columbia; District of Columbia,11,001,000102,3056,375,156,114,689,517,277,396,396,3056,3056,287,325,3056,2590,396,405,233,1830,396,11001000102
28,163,2835,2835,45,64,64,5,45,5,45,74,2835,0,14,125,1705,33,Census Tract 2.01; District of Columbia; District of Columbia,11,001,000201,2835,176,14,24,317,0,18,45,45,2835,2835,102,14,2835,1685,45,381,107,0,45,11001000201
73,231,3946,3964,481,3246,541,204,480,481,475,103,3886,731,192,369,2115,103,Census Tract 2.02; District of Columbia; District of Columbia,11,001,000202,3964,491,329,59,792,623,233,481,481,3964,3964,239,355,3964,3168,481,384,168,1832,481,11001000202
114,141,5669,5669,709,5669,609,229,709,709,653,83,5238,679,184,426,2975,182,Census Tract 3; District of Columbia; District of Columbia,11,001,000300,5669,671,128,264,1413,241,1295,709,709,5669,5669,406,274,5669,4033,709,816,429,2430,709,11001000300
91,202,1715,1715,318,1715,302,120,318,318,313,97,1635,354,93,255,897,123,Census Tract 4; District of Columbia; District of Columbia,11,001,000400,1715,147,63,158,427,142,323,318,318,1715,1715,168,75,1715,1040,318,279,160,698,318,11001000400
111,232,3490,3490,532,3475,482,294,532,532,499,117,3363,604,160,385,1953,126,Census Tract 5.01; District of Columbia; District of Columbia,11,001,000501,3490,326,328,119,661,973,323,532,532,3490,3490,253,339,3490,2165,532,366,190,2220,532,11001000501
67,217,3448,3448,529,3448,339,191,529,529,502,93,3103,477,80,370,2018,73,Census Tract 5.02; District of Columbia; District of Columbia,11,001,000502,3448,490,80,258,346,326,793,529,529,3448,3448,107,216,3448,2510,529,491,181,1739,529,11001000502
98,319,4258,4367,517,4246,219,123,517,518,472,129,4203,934,131,391,2558,97,Census Tract 6; District of Columbia; District of Columbia,11,001,000600,4367,445,157,173,526,581,940,517,517,4367,4367,220,249,4367,3656,517,343,147,2160,517,11001000600
80,330,3239,3239,539,3239,654,282,539,539,530,198,3180,631,242,387,1775,132,Census Tract 7.02; District of Columbia; District of Columbia,11,001,000702,3239,298,168,188,646,641,320,539,539,3239,3239,221,331,3239,1813,539,310,237,2182,539,11001000702
69,490,2764,2764,430,2764,132,108,430,430,426,157,2729,1365,286,288,1525,83,Census Tract 7.03; District of Columbia; District of Columbia,11,001,000703,2764,361,199,89,709,449,118,430,430,2764,2764,265,261,2764,1919,430,371,271,1878,430,11001000703
86,174,2394,2404,371,2404,207,102,369,371,375,70,2311,439,130,300,1365,99,Census Tract 7.04; District of Columbia; District of Columbia,11,001,000704,2404,418,154,106,909,401,286,371,371,2404,2404,298,230,2404,1777,371,286,162,1458,371,11001000704
162,295,3136,3136,433,3136,463,240,433,433,431,208,2974,749,340,249,1498,208,Census Tract 8.02; District of Columbia; District of Columbia,11,001,000802,3136,343,99,115,1049,249,569,433,433,3136,3136,403,183,3136,2123,433,320,245,1458,433,11001000802
196,261,2521,2521,388,2325,472,296,388,388,362,111,2396,734,166,259,1554,223,Census Tract 8.03; District of Columbia; District of Columbia,11,001,000803,2521,274,102,128,746,224,400,388,388,2521,2521,353,143,2521,1846,388,213,143,1284,388,11001000803
38,165,3509,3532,623,3126,133,81,620,622,609,74,3343,542,129,382,1763,69,Census Tract 8.04; District of Columbia; District of Columbia,11,001,000804,3532,651,52,367,578,58,955,623,623,3532,3532,185,180,3532,2973,623,111,87,1229,623,11001000804
41,139,2134,2134,381,2134,193,158,381,381,371,67,2018,510,85,217,1121,57,Census Tract 9.02; District of Columbia; District of Columbia,11,001,000902,2134,359,35,138,237,38,576,381,381,2134,2134,84,122,2134,1708,381,182,99,850,381,11001000902
43,214,3201,3201,209,1106,131,100,209,200,191,93,3129,231,67,224,1815,79,Census Tract 9.03; District of Columbia; District of Columbia,11,001,000903,3201,242,14,72,480,0,269,209,209,3201,3201,147,61,3201,2547,209,292,144,382,209,11001000903
165,258,3250,3250,447,3250,239,175,447,447,407,102,3077,905,161,350,1650,151,Census Tract 9.04; District of Columbia; District of Columbia,11,001,000904,3250,387,80,120,738,175,854,447,447,3250,3250,298,117,3250,2383,447,275,169,1191,447,11001000904
179,96,3348,3348,564,3348,534,289,564,564,512,69,3196,377,129,343,1716,231,Census Tract 10.02; District of Columbia; District of Columbia,11,001,001002,3348,543,155,262,519,487,520,564,564,3348,3348,250,273,3348,2742,564,155,131,1962,564,11001001002
224,100,2866,2895,526,2818,230,192,522,420,464,54,2716,530,69,205,1319,185,Census Tract 10.03; District of Columbia; District of Columbia,11,001,001003,2895,533,25,261,541,19,909,526,526,2895,2895,225,138,2895,2336,526,219,157,1050,526,11001001003
66,386,3952,3959,448,3807,588,245,445,448,414,154,3800,818,137,326,2143,94,Census Tract 10.04; District of Columbia; District of Columbia,11,001,001004,3959,394,143,196,524,298,997,448,448,3959,3959,184,154,3959,3102,448,279,191,1550,448,11001001004
117,388,4444,4508,634,4388,505,294,634,634,624,204,4378,1149,212,429,2438,181,Census Tract 11; District of Columbia; District of Columbia,11,001,001100,4508,462,288,175,785,571,764,634,634,4508,4508,217,389,4508,3046,634,257,156,2070,634,11001001100
102,481,4711,4711,611,4711,581,229,611,611,597,208,4522,1047,365,355,2429,122,Census Tract 12; District of Columbia; District of Columbia,11,001,001200,4711,576,199,104,1115,757,741,611,611,4711,4711,454,321,4711,3518,611,368,232,2460,611,11001001200
77,201,3914,3965,513,3868,490,214,513,514,503,122,3828,874,298,355,2410,96,Census Tract 13.01; District of Columbia; District of Columbia,11,001,001301,3965,418,279,148,497,619,560,513,513,3965,3965,242,279,3965,2698,513,377,259,2090,513,11001001301
72,251,3537,3537,523,3537,630,285,523,523,510,125,3384,764,172,380,2079,61,Census Tract 13.03; District of Columbia; District of Columbia,11,001,001303,3537,396,265,106,601,862,259,523,523,3537,3537,305,256,3537,2472,523,432,204,2258,523,11001001303
138,389,4083,4083,640,4083,286,172,640,640,642,256,4068,693,221,418,2018,87,Census Tract 13.04; District of Columbia; District of Columbia,11,001,001304,4083,527,269,73,654,785,122,640,640,4083,4083,259,391,4083,2840,640,504,201,2800,640,11001001304
105,113,3324,3324,462,3324,185,94,462,462,360,49,2978,567,62,273,1579,158,Census Tract 14.01; District of Columbia; District of Columbia,11,001,001401,3324,223,120,173,697,306,885,462,462,3324,3324,354,156,3324,2104,462,523,215,1351,462,11001001401
37,360,3446,3488,468,3446,184,94,468,468,380,103,3215,1060,181,274,1813,41,Census Tract 14.02; District of Columbia; District of Columbia,11,001,001402,3488,434,110,241,504,335,844,468,468,3488,3488,135,182,3488,2371,468,340,186,1654,468,11001001402
366,248,5453,5619,792,5453,98,74,792,792,772,154,5200,1500,312,552,3020,414,Census Tract 15; District of Columbia; District of Columbia,11,001,001500,5619,668,57,229,632,77,1500,792,792,5619,5619,389,291,5619,3962,792,605,531,2072,792,11001001500
97,560,5067,5071,620,4993,250,114,620,624,568,195,4715,1166,187,386,2479,132,Census Tract 16; District of Columbia; District of Columbia,11,001,001600,5071,172,17,289,648,18,1443,620,620,5071,5071,361,205,5071,1145,620,448,281,1789,620,11001001600
63,197,3372,3387,474,3374,203,97,473,473,450,86,3189,504,84,386,1969,54,Census Tract 17.02; District of Columbia; District of Columbia,11,001,001702,3387,302,110,209,226,284,642,474,474,3387,3387,104,217,3387,1505,474,279,164,1625,474,11001001702
411,635,3795,3795,610,3795,1733,581,610,610,554,296,3692,528,168,449,2156,1206,Census Tract 18.03; District of Columbia; District of Columbia,11,001,001803,3795,160,226,253,1427,640,965,610,610,3795,3795,493,219,3795,356,610,1243,642,1683,610,11001001803
480,805,5428,5428,903,5428,1885,794,903,903,837,291,5253,754,271,666,3264,1465,Census Tract 18.04; District of Columbia; District of Columbia,11,001,001804,5428,114,286,544,1983,687,1705,903,903,5428,5428,609,252,5428,135,903,2072,688,1997,903,11001001804
311,233,4581,4581,945,4581,967,829,945,945,980,98,4255,741,365,441,2408,514,Census Tract 19.01; District of Columbia; District of Columbia,11,001,001901,4581,205,99,467,704,185,1352,945,945,4581,4581,253,389,4581,1162,945,907,377,1658,945,11001001901
73,208,2212,2212,252,2212,419,204,252,252,220,69,2037,300,61,182,1174,173,Census Tract 19.02; District of Columbia; District of Columbia,11,001,001902,2212,191,71,103,347,114,528,252,252,2212,2212,134,86,2212,545,252,335,148,827,252,11001001902
570,532,2980,2983,805,2979,1230,821,805,806,694,233,2759,309,96,446,1486,1116,Census Tract 20.01; District of Columbia; District of Columbia,11,001,002001,2983,158,128,556,1305,298,763,805,805,2983,2983,486,254,2983,498,805,1313,677,1125,805,11001002001
247,345,4087,4106,589,4051,678,292,590,594,568,129,3861,498,120,418,2054,308,Census Tract 20.02; District of Columbia; District of Columbia,11,001,002002,4106,355,130,223,784,274,821,589,589,4106,4106,305,337,4106,1317,589,770,478,1512,589,11001002002
315,636,5946,5946,1121,5946,1258,700,1121,1121,1067,209,5254,719,163,715,3062,659,Census Tract 21.01; District of Columbia; District of Columbia,11,001,002101,5946,383,214,587,1392,737,1789,1121,1121,5946,5946,549,339,5946,1024,1121,1554,1001,2513,1121,11001002101
212,430,5036,5043,646,5029,941,371,646,642,646,168,4714,531,232,386,2860,278,Census Tract 21.02; District of Columbia; District of Columbia,11,001,002102,5043,227,240,244,689,533,1227,646,646,5043,5043,294,354,5043,785,646,1411,491,2342,646,11001002102
289,203,3225,3238,671,3065,194,142,672,571,617,72,2979,400,83,332,1416,438,Census Tract 22.01; District of Columbia; District of Columbia,11,001,002201,3238,256,54,350,754,100,849,671,671,3238,3238,436,109,3238,1553,671,901,589,986,671,11001002201
186,515,3228,3228,748,3228,792,616,748,748,599,185,2821,391,125,540,1830,248,Census Tract 22.02; District of Columbia; District of Columbia,11,001,002202,3228,352,156,445,584,268,930,748,748,3228,3228,325,227,3228,913,748,544,382,1267,748,11001002202
121,236,3170,3170,497,3170,681,303,497,497,475,117,2840,305,116,325,1756,235,Census Tract 23.01; District of Columbia; District of Columbia,11,001,002301,3170,202,58,221,621,92,765,497,497,3170,3170,254,191,3170,802,497,600,242,1202,497,11001002301
29,270,1381,1538,182,1381,155,86,180,180,191,135,1508,582,192,155,487,15,Census Tract 23.02; District of Columbia; District of Columbia,11,001,002302,1538,188,170,24,171,433,218,182,182,1538,1538,61,174,1538,517,182,88,107,837,182,11001002302
367,270,3701,3735,448,3712,620,321,446,448,443,115,3544,475,127,223,1805,485,Census Tract 24; District of Columbia; District of Columbia,11,001,002400,3735,362,99,129,809,196,547,448,448,3735,3735,363,164,3735,1570,448,903,443,1510,448,11001002400
413,138,2848,2860,795,2857,177,123,796,795,620,59,2602,249,54,389,1303,334,Census Tract 25.01; District of Columbia; District of Columbia,11,001,002501,2860,391,69,284,651,156,696,795,795,2860,2860,466,269,2860,1049,795,484,529,1060,795,11001002501
86,231,2909,2909,585,2909,242,94,585,585,588,104,2753,211,64,246,1330,117,Census Tract 25.03; District of Columbia; District of Columbia,11,001,002503,2909,240,556,149,574,852,259,585,585,2909,2909,257,549,2909,971,585,554,234,1705,585,11001002503
250,395,3126,3132,535,3117,705,384,538,538,534,314,2973,420,133,333,1327,485,Census Tract 25.04; District of Columbia; District of Columbia,11,001,002504,3132,414,120,249,670,342,521,535,535,3132,3132,245,301,3132,1133,535,1030,446,1475,535,11001002504
214,265,2578,2578,430,2576,181,122,430,430,398,130,2324,542,117,241,1317,276,Census Tract 26; District of Columbia; District of Columbia,11,001,002600,2578,112,63,129,445,157,682,430,430,2578,2578,220,85,2578,906,430,383,306,895,430,11001002600
293,435,5578,5578,711,5478,618,271,711,676,670,169,5082,604,152,467,2721,626,Census Tract 27.02; District of Columbia; District of Columbia,11,001,002702,5578,649,197,248,1095,744,1238,711,711,5578,5578,318,186,5578,3325,711,1271,507,2397,711,11001002702
141,219,2192,2312,379,2192,162,93,379,379,330,97,2223,317,79,222,1099,208,Census Tract 27.03; District of Columbia; District of Columbia,11,001,002703,2312,294,107,117,539,405,292,379,379,2312,2312,186,125,2312,1191,379,380,243,1109,379,11001002703
196,268,2971,2971,608,2971,357,175,608,608,601,150,2874,103,92,342,1271,393,Census Tract 27.04; District of Columbia; District of Columbia,11,001,002704,2971,444,265,147,890,769,427,608,608,2971,2971,349,340,2971,1469,608,912,318,1625,608,11001002704
409,198,3858,3877,559,3877,1057,479,563,559,485,107,3399,214,81,340,1980,673,Census Tract 28.01; District of Columbia; District of Columbia,11,001,002801,3877,429,247,332,1048,877,899,559,559,3877,3877,331,230,3877,1424,559,1341,608,1826,559,11001002801
468,650,4924,4951,487,4945,2119,658,500,487,577,258,4481,522,222,424,2893,902,Census Tract 28.02; District of Columbia; District of Columbia,11,001,002802,4951,816,347,307,1758,1790,1128,487,487,4951,4951,616,284,4951,1911,487,2280,411,2705,487,11001002802
293,540,4558,4608,852,4597,1122,642,827,852,614,341,4129,398,260,442,2160,553,Census Tract 29; District of Columbia; District of Columbia,11,001,002900,4608,357,148,627,686,529,1136,852,852,4608,4608,158,199,4608,1795,852,1152,328,1687,852,11001002900
308,354,3535,3535,483,3524,1110,407,483,481,468,164,3259,230,66,372,1774,501,Census Tract 30; District of Columbia; District of Columbia,11,001,003000,3535,233,251,146,728,830,666,483,483,3535,3535,316,234,3535,1113,483,779,331,1622,483,11001003000
118,283,3522,3529,448,3476,424,222,448,438,408,130,3297,212,99,308,1964,300,Census Tract 31; District of Columbia; District of Columbia,11,001,003100,3529,393,218,230,703,685,458,448,448,3529,3529,209,257,3529,1881,448,860,312,1917,448,11001003100
436,352,4124,4132,1012,4124,1323,968,1012,1012,982,228,3802,396,198,543,2093,541,Census Tract 32; District of Columbia; District of Columbia,11,001,003200,4132,483,199,683,895,528,978,1012,1012,4132,4132,443,251,4132,1771,1012,891,486,1652,1012,11001003200
17,230,3513,3525,502,3525,302,132,501,502,482,128,3310,227,56,300,1546,8,Census Tract 33.01; District of Columbia; District of Columbia,11,001,003301,3525,346,95,114,545,237,284,502,502,3525,3525,181,307,3525,1884,502,250,126,1762,502,11001003301
46,132,2206,2236,371,2224,242,92,379,372,230,52,2060,144,36,361,1153,34,Census Tract 33.02; District of Columbia; District of Columbia,11,001,003302,2236,165,82,253,220,201,341,371,371,2236,2236,121,90,2236,1067,371,104,60,1002,371,11001003302
55,480,4044,4044,518,2381,715,310,518,505,511,173,3987,230,96,501,2528,57,Census Tract 34; District of Columbia; District of Columbia,11,001,003400,4044,284,180,89,454,642,254,518,518,4044,4044,145,193,4044,1194,518,429,247,1222,518,11001003400
69,289,4498,4498,451,3164,665,326,451,444,441,123,4429,136,69,282,2201,72,Census Tract 35; District of Columbia; District of Columbia,11,001,003500,4498,353,203,140,465,785,175,451,451,4498,4498,140,230,4498,1626,451,293,122,1907,451,11001003500
118,438,4474,4500,629,4491,1010,248,628,628,628,163,4438,364,169,426,2257,142,Census Tract 36; District of Columbia; District of Columbia,11,001,003600,4500,492,234,120,578,1056,446,629,629,4500,4500,234,178,4500,2537,629,479,222,2248,629,11001003600
128,132,2195,2195,229,2195,215,146,229,229,229,75,2135,219,100,149,1175,378,Census Tract 37.01; District of Columbia; District of Columbia,11,001,003701,2195,161,146,115,652,487,246,229,229,2195,2195,156,88,2195,1085,229,739,211,1335,229,11001003701
70,118,2803,2815,796,2815,1298,816,796,796,461,79,2436,127,47,765,1702,101,Census Tract 37.02; District of Columbia; District of Columbia,11,001,003702,2815,271,183,398,589,715,483,796,796,2815,2815,430,267,2815,1428,796,319,187,1514,796,11001003702
29,44,1514,1514,201,1514,80,71,201,201,202,47,1461,117,64,155,866,28,Census Tract 38.01; District of Columbia; District of Columbia,11,001,003801,1514,202,125,6,180,346,72,201,201,1514,1514,78,156,1514,1245,201,139,81,997,201,11001003801
74,316,3607,3607,510,3607,551,182,510,510,494,194,3500,281,175,298,1604,77,Census Tract 38.02; District of Columbia; District of Columbia,11,001,003802,3607,350,222,97,888,1046,223,510,510,3607,3607,347,234,3607,1988,510,674,390,2105,510,11001003802
60,126,2729,2729,568,2729,213,90,568,568,559,66,2423,227,118,525,1612,39,Census Tract 39.01; District of Columbia; District of Columbia,11,001,003901,2729,220,159,133,334,636,339,568,568,2729,2729,126,517,2729,1418,568,586,267,1724,568,11001003901
132,100,1765,1774,346,1774,129,101,346,346,343,59,1754,217,125,171,804,170,Census Tract 39.02; District of Columbia; District of Columbia,11,001,003902,1774,241,139,134,306,354,325,346,346,1774,1774,214,166,1774,994,346,328,165,1016,346,11001003902
50,311,3971,3971,502,3971,387,241,502,502,496,138,3745,499,116,383,2134,40,Census Tract 40.01; District of Columbia; District of Columbia,11,001,004001,3971,497,275,196,365,821,407,502,502,3971,3971,124,417,3971,2754,502,416,290,2409,502,11001004001
108,157,3291,3291,557,3185,197,105,557,533,538,85,3168,445,318,396,1595,130,Census Tract 40.02; District of Columbia; District of Columbia,11,001,004002,3291,462,371,175,887,1131,396,557,557,3291,3291,303,398,3291,2174,557,510,250,2095,557,11001004002
254,82,2363,2363,399,2363,401,344,399,399,325,51,2212,535,108,307,1452,246,Census Tract 41; District of Columbia; District of Columbia,11,001,004100,2363,182,133,210,471,572,300,399,399,2363,2363,318,144,2363,1683,399,382,121,1417,399,11001004100
70,177,3224,3224,506,3224,334,173,506,506,499,182,3192,178,119,311,1711,62,Census Tract 42.01; District of Columbia; District of Columbia,11,001,004201,3224,520,344,63,292,1205,51,506,506,3224,3224,118,346,3224,2498,506,284,134,1928,506,11001004201
31,133,2600,2613,409,2554,490,300,409,408,409,73,2535,240,97,175,1310,36,Census Tract 42.02; District of Columbia; District of Columbia,11,001,004202,2613,199,171,24,384,909,87,409,409,2613,2613,132,123,2613,1708,409,454,248,1615,409,11001004202
287,259,4325,4387,860,4387,245,136,877,860,702,171,4180,394,122,635,2373,383,Census Tract 43; District of Columbia; District of Columbia,11,001,004300,4387,392,277,311,733,1600,403,860,860,4387,4387,442,332,4387,2567,860,876,463,2665,860,11001004300
38,85,3367,3388,981,3388,201,95,982,981,697,58,3036,144,78,428,1265,31,Census Tract 44.01; District of Columbia; District of Columbia,11,001,004401,3388,233,211,675,466,761,587,981,981,3388,3388,158,228,3388,2065,981,255,135,1869,981,11001004401
66,202,2480,2503,447,2496,283,172,440,447,431,144,2346,202,51,359,1214,83,Census Tract 44.02; District of Columbia; District of Columbia,11,001,004402,2503,208,120,64,294,433,228,447,447,2503,2503,112,155,2503,1586,447,151,111,1234,447,11001004402
18,260,3047,3058,566,3058,802,344,567,566,536,87,2916,300,83,465,1744,15,Census Tract 46; District of Columbia; District of Columbia,11,001,004600,3058,364,110,232,249,384,512,566,566,3058,3058,93,212,3058,1476,566,210,178,1498,566,11001004600
46,215,3313,3476,706,3313,446,122,706,706,706,108,3409,240,69,427,1900,59,Census Tract 47.02; District of Columbia; District of Columbia,11,001,004702,3476,754,199,53,504,1184,67,706,706,3476,3476,142,379,3476,2322,706,460,193,2264,706,11001004702
432,260,3390,3400,629,3400,1473,544,631,629,638,237,3331,195,98,392,1932,482,Census Tract 47.03; District of Columbia; District of Columbia,11,001,004703,3400,289,326,127,843,1165,361,629,629,3400,3400,445,352,3400,1188,629,254,136,1916,629,11001004703
61,158,1565,1580,373,1580,1404,332,373,373,286,82,1361,187,121,268,1198,51,Census Tract 47.04; District of Columbia; District of Columbia,11,001,004704,1580,75,119,135,28,517,465,373,373,1580,1580,50,142,1580,104,373,46,57,728,373,11001004704
110,140,2712,2751,480,2745,523,232,469,480,442,85,2596,347,192,280,1277,146,Census Tract 48.01; District of Columbia; District of Columbia,11,001,004801,2751,198,137,71,346,546,205,480,480,2751,2751,149,265,2751,1430,480,538,370,1479,480,11001004801
112,234,2962,2974,692,2974,377,182,693,692,687,122,2920,233,54,340,1416,153,Census Tract 48.02; District of Columbia; District of Columbia,11,001,004802,2974,170,147,344,384,566,313,692,692,2974,2974,131,158,2974,1115,692,441,449,1662,692,11001004802
179,386,3359,3381,442,3381,1064,455,440,442,467,255,3265,394,187,320,1564,231,Census Tract 49.01; District of Columbia; District of Columbia,11,001,004901,3381,269,145,238,548,571,417,442,442,3381,3381,299,271,3381,1773,442,504,386,1909,442,11001004901
48,97,3352,3367,401,3367,595,119,403,401,399,57,3353,185,67,297,1630,65,Census Tract 49.02; District of Columbia; District of Columbia,11,001,004902,3367,267,254,56,593,1069,338,401,401,3367,3367,172,291,3367,1948,401,401,234,2182,401,11001004902
86,86,2064,2064,497,2064,101,63,497,497,486,52,2006,123,66,197,882,93,Census Tract 50.01; District of Columbia; District of Columbia,11,001,005001,2064,335,289,159,415,634,241,497,497,2064,2064,249,296,2064,1368,497,135,81,1104,497,11001005001
32,157,1766,1766,313,1766,327,77,313,313,313,76,1766,22,20,213,832,150,Census Tract 50.03; District of Columbia; District of Columbia,11,001,005003,1766,260,123,23,416,679,15,313,313,1766,1766,148,129,1766,1120,313,261,98,1117,313,11001005003
233,409,3661,3703,409,3703,1545,449,418,409,405,183,3457,408,162,275,1779,559,Census Tract 50.04; District of Columbia; District of Columbia,11,001,005004,3703,483,247,122,958,1388,423,409,409,3703,3703,283,226,3703,1902,409,887,318,2265,409,11001005004
21,287,2973,2973,499,2960,291,171,499,495,499,217,2973,511,253,243,1212,13,Census Tract 52.02; District of Columbia; District of Columbia,11,001,005202,2973,483,288,21,317,1129,13,499,499,2973,2973,159,315,2973,2479,499,197,111,2080,499,11001005202
274,305,3114,3114,502,3114,403,251,502,502,500,247,3060,317,263,377,1672,475,Census Tract 52.03; District of Columbia; District of Columbia,11,001,005203,3114,463,337,81,821,1561,54,502,502,3114,3114,330,360,3114,1721,502,632,290,2346,502,11001005203
39,74,2531,2547,338,2547,193,125,340,338,334,64,2329,212,137,207,1077,38,Census Tract 53.02; District of Columbia; District of Columbia,11,001,005302,2547,324,223,96,420,860,269,338,338,2547,2547,132,231,2547,1952,338,373,182,1606,338,11001005302
58,188,2490,2503,366,2490,345,155,366,366,365,104,2485,391,169,283,1298,78,Census Tract 53.03; District of Columbia; District of Columbia,11,001,005303,2503,321,265,6,478,1328,64,366,366,2503,2503,162,309,2503,1724,366,230,141,1985,366,11001005303
93,245,1748,1759,378,1757,228,109,378,378,369,161,1740,162,87,207,790,115,Census Tract 55.01; District of Columbia; District of Columbia,11,001,005501,1759,360,203,69,492,706,61,378,378,1759,1759,225,235,1759,1400,378,388,202,1271,378,11001005501
89,318,2323,2487,424,2301,414,158,421,423,338,145,2397,443,126,204,1137,167,Census Tract 55.02; District of Columbia; District of Columbia,11,001,005502,2487,428,172,139,377,893,119,424,424,2487,2487,154,199,2487,1779,424,104,83,1561,424,11001005502
64,156,1693,1693,353,1693,565,240,353,353,353,105,1693,261,107,255,924,62,Census Tract 55.03; District of Columbia; District of Columbia,11,001,005503,1693,353,214,14,360,672,0,353,353,1693,1693,132,238,1693,1301,353,173,113,1190,353,11001005503
97,152,2441,2508,397,2499,738,166,389,397,396,101,2477,287,116,367,1466,77,Census Tract 56.01; District of Columbia; District of Columbia,11,001,005601,2508,315,305,16,705,1283,31,397,397,2508,2508,342,364,2508,1641,397,302,283,1992,397,11001005601
231,490,4034,4034,411,3018,545,191,411,414,349,162,3870,956,176,335,2294,441,Census Tract 56.02; District of Columbia; District of Columbia,11,001,005602,4034,335,217,159,1489,879,241,411,411,4034,4034,412,209,4034,2589,411,615,234,1976,411,11001005602
68,252,1780,1780,274,1767,408,97,274,274,271,67,1708,349,98,348,983,140,Census Tract 58.01; District of Columbia; District of Columbia,11,001,005801,1780,272,178,27,288,640,72,274,274,1780,1780,96,245,1780,1293,274,148,60,1104,274,11001005801
46,205,1879,1936,285,1936,370,162,295,285,281,117,1923,219,103,149,757,54,Census Tract 58.02; District of Columbia; District of Columbia,11,001,005802,1936,225,193,21,431,725,13,285,285,1936,1936,215,191,1936,1178,285,374,189,1367,285,11001005802
28,196,2403,2403,366,2246,426,135,366,367,361,87,2389,159,96,165,986,39,Census Tract 59; District of Columbia; District of Columbia,11,001,005900,2403,368,221,30,334,866,23,366,366,2403,2403,130,264,2403,1614,366,223,164,1483,366,11001005900
63,479,2953,2978,561,2904,1436,450,563,481,393,186,2755,364,136,369,1413,71,Census Tract 64; District of Columbia; District of Columbia,11,001,006400,2978,183,176,321,94,827,516,561,561,2978,2978,73,182,2978,621,561,51,47,1674,561,11001006400
91,117,2549,2549,451,2512,500,290,451,452,435,55,2357,433,164,427,1561,74,Census Tract 65; District of Columbia; District of Columbia,11,001,006500,2549,412,118,176,337,356,440,451,451,2549,2549,136,344,2549,1854,451,307,303,1365,451,11001006500
58,137,2125,2150,514,2138,370,280,517,515,484,63,1982,337,79,266,1066,36,Census Tract 66; District of Columbia; District of Columbia,11,001,006600,2150,523,99,101,182,290,346,514,514,2150,2150,77,232,2150,1713,514,113,85,1091,514,11001006600
36,269,3860,3930,375,3921,97,59,373,375,343,117,3622,914,209,256,2031,39,Census Tract 67; District of Columbia; District of Columbia,11,001,006700,3930,346,176,127,162,377,568,375,375,3930,3930,80,250,3930,3323,375,196,119,2087,375,11001006700
53,151,2212,2271,383,2271,422,177,388,383,302,80,2047,121,38,197,1011,28,Census Tract 68.01; District of Columbia; District of Columbia,11,001,006801,2271,219,127,178,241,248,379,383,383,2271,2271,119,151,2271,1266,383,192,176,1026,383,11001006801
13,70,2248,2264,597,2257,259,234,600,597,578,63,2080,240,87,373,1235,9,Census Tract 68.02; District of Columbia; District of Columbia,11,001,006802,2264,167,51,89,76,87,326,597,597,2264,2264,44,211,2264,1340,597,107,89,1045,597,11001006802
89,97,293,2143,59,293,239,27,51,51,59,130,2143,180,84,181,424,97,Census Tract 68.04; District of Columbia; District of Columbia,11,001,006804,2143,115,30,9,110,19,6,59,59,2143,2143,102,28,2143,239,59,124,84,36,59,11001006804
36,127,2890,2913,386,2913,188,108,386,386,365,63,2666,189,108,279,1406,27,Census Tract 69; District of Columbia; District of Columbia,11,001,006900,2913,334,120,209,243,269,615,386,386,2913,2913,128,177,2913,2104,386,119,74,1392,386,11001006900
24,264,2132,2462,448,2155,187,142,445,448,376,150,2221,426,132,298,1207,19,Census Tract 70; District of Columbia; District of Columbia,11,001,007000,2462,326,110,197,250,234,424,448,448,2462,2462,123,195,2462,1763,448,197,102,1057,448,11001007000
146,503,3451,3485,684,3485,1322,584,681,684,691,146,3379,311,108,336,1604,168,Census Tract 71; District of Columbia; District of Columbia,11,001,007100,3485,223,186,215,287,552,556,684,684,3485,3485,151,174,3485,1256,684,322,187,1571,684,11001007100
49,113,2681,2850,295,2850,162,89,308,295,295,141,2850,9,15,201,1201,47,Census Tract 72.01; District of Columbia; District of Columbia,11,001,007201,2850,266,197,163,196,822,105,295,295,2850,2850,98,167,2850,1888,295,198,113,2116,295,11001007201
20,352,5075,5262,689,5262,311,204,707,689,681,209,5205,155,105,482,2345,0,Census Tract 72.02; District of Columbia; District of Columbia,11,001,007202,5262,682,306,97,215,1366,92,689,689,5262,5262,105,288,5262,4085,689,297,169,3599,689,11001007202
68,346,3198,3305,400,3237,549,205,396,400,339,145,3180,222,103,264,1810,35,Census Tract 72.03; District of Columbia; District of Columbia,11,001,007203,3305,330,208,110,246,717,333,400,400,3305,3305,144,205,3305,1876,400,173,118,1920,400,11001007203
84,253,3271,4592,602,4260,978,477,475,600,541,160,3759,70,47,326,2002,104,Census Tract 73.01; District of Columbia; District of Columbia,11,001,007301,4592,571,17,365,259,10,1809,602,602,4592,4592,144,238,4592,2514,602,1008,460,1333,602,11001007301
93,1018,4195,4383,711,4195,1747,632,711,711,695,301,4281,743,199,391,2306,34,Census Tract 73.04; District of Columbia; District of Columbia,11,001,007304,4383,204,505,487,34,1197,902,711,711,4383,4383,93,485,4383,209,711,34,38,2150,711,11001007304
45,257,1456,1458,302,1398,853,247,303,315,273,105,1281,293,153,253,961,48,Census Tract 74.01; District of Columbia; District of Columbia,11,001,007401,1458,34,203,119,59,500,392,302,302,1458,1458,56,199,1458,29,302,18,24,773,302,11001007401
14,398,2779,2779,728,2779,2475,752,728,728,699,185,2572,90,66,353,1415,0,Census Tract 74.03; District of Columbia; District of Columbia,11,001,007403,2779,23,210,512,114,416,1319,728,728,2779,2779,138,177,2779,14,728,113,179,970,728,11001007403
13,565,4304,4304,648,4304,1284,580,648,648,679,215,3937,93,50,465,2435,7,Census Tract 74.04; District of Columbia; District of Columbia,11,001,007404,4304,33,174,304,40,465,1702,648,648,4304,4304,52,222,4304,23,648,424,376,1379,648,11001007404
14,286,2776,2803,610,2803,1374,620,606,610,534,137,2579,22,31,408,1939,0,Census Tract 74.06; District of Columbia; District of Columbia,11,001,007406,2803,14,205,452,0,547,973,610,610,2803,2803,14,204,2803,0,610,0,14,1268,610,11001007406
114,549,3379,3407,627,3407,1645,672,621,627,565,238,3126,351,99,380,1811,131,Census Tract 74.07; District of Columbia; District of Columbia,11,001,007407,3407,142,152,519,197,479,1195,627,627,3407,3407,119,149,3407,198,627,93,117,1499,627,11001007407
77,673,3940,4124,1379,3940,3120,1367,1379,1379,926,393,3424,322,140,1021,2513,67,Census Tract 74.08; District of Columbia; District of Columbia,11,001,007408,4124,53,160,1106,33,743,1915,1379,1379,4124,4124,48,329,4124,118,1379,52,62,1422,1379,11001007408
14,634,3387,3387,722,3387,2062,807,722,722,588,247,3155,493,194,582,2176,0,Census Tract 74.09; District of Columbia; District of Columbia,11,001,007409,3387,26,345,555,60,1042,863,722,722,3387,3387,64,348,3387,16,722,0,14,1754,722,11001007409
14,869,4624,4999,922,4568,2211,833,923,917,819,376,4426,502,148,797,2709,0,Census Tract 75.02; District of Columbia; District of Columbia,11,001,007502,4999,80,212,607,115,927,1809,922,922,4999,4999,94,310,4999,56,922,0,14,1900,922,11001007502
51,290,2440,2440,655,2440,850,266,655,655,575,125,2232,209,107,342,1256,31,Census Tract 75.03; District of Columbia; District of Columbia,11,001,007503,2440,89,125,486,68,414,796,655,655,2440,2440,55,138,2440,149,655,123,120,945,655,11001007503
62,658,2815,2815,592,2815,1398,557,592,592,495,199,2561,282,126,290,1259,38,Census Tract 75.04; District of Columbia; District of Columbia,11,001,007504,2815,44,168,423,55,699,742,592,592,2815,2815,62,190,2815,38,592,70,74,1355,592,11001007504
68,633,4913,4949,901,4913,1971,834,896,896,763,214,4524,588,162,708,3282,87,Census Tract 76.01; District of Columbia; District of Columbia,11,001,007601,4949,97,286,550,413,583,1252,901,901,4949,4949,249,331,4949,196,901,130,132,2073,901,11001007601
8,616,4281,4281,866,4281,557,304,866,866,799,223,4079,604,207,626,2343,4,Census Tract 76.03; District of Columbia; District of Columbia,11,001,007603,4281,103,242,546,59,448,886,866,866,4281,4281,69,265,4281,113,866,173,246,2196,866,11001007603
114,679,3738,3738,729,3738,1124,552,729,729,719,214,3690,650,260,458,2049,124,Census Tract 76.04; District of Columbia; District of Columbia,11,001,007604,3738,82,229,277,266,687,491,729,729,3738,3738,134,274,3738,261,729,177,113,1959,729,11001007604
35,1032,3779,3793,548,3779,1253,481,548,548,540,339,3688,868,293,367,2065,24,Census Tract 76.05; District of Columbia; District of Columbia,11,001,007605,3793,54,320,279,79,914,696,548,548,3793,3793,58,389,3793,72,548,15,25,1978,548,11001007605
314,765,7140,7140,1051,7109,2499,1016,1051,1056,1004,349,6381,624,159,566,3206,433,Census Tract 77.03; District of Columbia; District of Columbia,11,001,007703,7140,67,314,422,983,779,2517,1051,1051,7140,7140,587,399,7140,51,1051,2051,1095,2307,1051,11001007703
14,856,4345,4345,869,4345,2020,865,869,869,699,247,3884,611,202,470,2061,0,Census Tract 77.07; District of Columbia; District of Columbia,11,001,007707,4345,50,244,533,163,694,1027,869,869,4345,4345,168,312,4345,57,869,178,150,1836,869,11001007707
55,701,2420,2444,535,2444,827,360,531,535,530,253,2420,442,296,366,1252,34,Census Tract 77.08; District of Columbia; District of Columbia,11,001,007708,2444,5,191,287,60,610,446,535,535,2444,2444,57,178,2444,2,535,34,55,1149,535,11001007708
14,554,2500,2512,589,2500,1584,640,588,588,545,189,2474,335,137,561,1375,0,Census Tract 77.09; District of Columbia; District of Columbia,11,001,007709,2512,48,330,225,24,676,581,589,589,2512,2512,34,310,2512,54,589,128,159,1271,589,11001007709
14,1151,4957,4968,857,4922,2213,937,857,854,819,512,4465,898,698,510,2590,0,Census Tract 78.03; District of Columbia; District of Columbia,11,001,007803,4968,57,266,384,151,959,1433,857,857,4968,4968,110,402,4968,58,857,67,75,2523,857,11001007803
136,731,3779,4078,887,3779,2080,776,886,886,873,278,3876,649,125,694,2314,90,Census Tract 78.04; District of Columbia; District of Columbia,11,001,007804,4078,132,182,483,226,610,1306,887,887,4078,4078,294,380,4078,176,887,33,41,1589,887,11001007804
75,261,2358,2361,446,2358,759,353,446,446,417,97,2151,486,159,215,988,58,Census Tract 78.06; District of Columbia; District of Columbia,11,001,007806,2361,142,225,155,132,453,434,446,446,2361,2361,94,193,2361,173,446,17,34,1163,446,11001007806
55,426,2473,2477,604,2473,1145,363,604,604,580,115,2317,277,66,297,1312,42,Census Tract 78.07; District of Columbia; District of Columbia,11,001,007807,2477,48,97,209,110,344,651,604,604,2477,2477,96,197,2477,45,604,156,159,919,604,11001007807
31,818,4093,4105,1040,4093,1715,995,1041,1041,1028,312,4074,517,151,557,2118,23,Census Tract 78.08; District of Columbia; District of Columbia,11,001,007808,4105,31,129,692,148,308,1261,1040,1040,4105,4105,122,282,4105,48,1040,263,224,1560,1040,11001007808
64,311,3132,3134,737,3132,915,429,737,737,588,123,2566,347,138,319,1596,41,Census Tract 78.09; District of Columbia; District of Columbia,11,001,007809,3134,77,201,356,175,326,931,737,737,3134,3134,145,156,3134,108,737,302,374,1192,737,11001007809
54,542,4317,4397,889,4397,1778,550,898,889,824,137,3906,712,676,527,2354,52,Census Tract 79.01; District of Columbia; District of Columbia,11,001,007901,4397,233,142,435,471,594,1296,889,889,4397,4397,196,338,4397,944,889,578,324,1693,889,11001007901
42,209,1844,1859,348,1859,430,152,348,348,341,86,1764,171,56,222,973,32,Census Tract 79.03; District of Columbia; District of Columbia,11,001,007903,1859,96,68,151,132,200,329,348,348,1859,1859,71,101,1859,441,348,131,74,786,348,11001007903
44,50,3048,3058,415,3048,149,91,415,415,397,41,2741,115,60,178,1225,44,Census Tract 80.01; District of Columbia; District of Columbia,11,001,008001,3058,369,65,127,322,147,621,415,415,3058,3058,177,274,3058,2198,415,259,122,1441,415,11001008001
28,155,3266,3286,398,3266,383,175,398,398,411,80,2987,313,51,239,1694,24,Census Tract 80.02; District of Columbia; District of Columbia,11,001,008002,3286,359,70,232,264,168,857,398,398,3286,3286,158,148,3286,2178,398,223,124,1424,398,11001008002
19,97,3172,3183,448,3177,97,58,448,448,466,50,3001,208,50,380,1690,13,Census Tract 81; District of Columbia; District of Columbia,11,001,008100,3183,444,80,109,220,247,567,448,448,3183,3183,94,254,3183,2641,448,287,167,1544,448,11001008100
13,125,2793,2805,388,2702,201,117,388,386,299,103,2554,338,94,270,1522,12,Census Tract 82; District of Columbia; District of Columbia,11,001,008200,2805,312,187,130,232,661,377,388,388,2805,2805,101,199,2805,1974,388,212,82,1512,388,11001008200
23,120,3077,3077,309,2978,233,110,309,309,313,64,2930,272,103,150,1449,15,Census Tract 83.01; District of Columbia; District of Columbia,11,001,008301,3077,295,118,90,406,472,385,309,309,3077,3077,158,172,3077,2231,309,391,237,1627,309,11001008301
32,68,2695,2871,489,2735,122,83,492,489,495,43,2742,291,54,257,1458,39,Census Tract 83.02; District of Columbia; District of Columbia,11,001,008302,2871,445,99,168,224,301,528,489,489,2871,2871,116,188,2871,2202,489,380,260,1309,489,11001008302
22,191,2552,2557,325,2552,259,125,325,325,337,81,2472,195,54,262,1579,14,Census Tract 84.02; District of Columbia; District of Columbia,11,001,008402,2557,299,135,113,134,457,383,325,325,2557,2557,76,201,2557,1587,325,284,174,1423,325,11001008402
18,141,2138,2138,429,2130,191,140,429,429,362,104,1876,89,48,197,1116,12,Census Tract 84.10; District of Columbia; District of Columbia,11,001,008410,2138,249,69,262,114,161,609,429,429,2138,2138,65,116,2138,1001,429,352,283,845,429,11001008410
55,144,2608,2618,464,2596,464,236,465,465,457,90,2511,159,79,235,1158,74,Census Tract 87.01; District of Columbia; District of Columbia,11,001,008701,2618,440,77,80,247,182,194,464,464,2618,2618,127,235,2618,1294,464,47,38,1146,464,11001008701
40,231,3518,3521,577,3521,557,202,579,577,565,104,3288,206,100,510,1809,26,Census Tract 87.02; District of Columbia; District of Columbia,11,001,008702,3521,288,194,168,217,871,437,577,577,3521,3521,113,375,3521,1371,577,396,308,2171,577,11001008702
199,348,4564,4605,575,4546,1418,382,575,567,548,138,4326,438,83,338,2123,325,Census Tract 88.02; District of Columbia; District of Columbia,11,001,008802,4605,263,148,254,580,526,874,575,575,4605,4605,243,196,4605,1093,575,383,301,1962,575,11001008802
113,585,4385,4473,568,3910,1335,323,566,564,564,193,4439,174,151,353,2242,161,Census Tract 88.03; District of Columbia; District of Columbia,11,001,008803,4473,233,348,188,406,947,479,568,568,4473,4473,168,329,4473,1291,568,434,159,2057,568,11001008803
72,497,2338,2338,610,2332,766,401,610,610,559,229,2204,187,72,556,1324,78,Census Tract 88.04; District of Columbia; District of Columbia,11,001,008804,2338,200,172,230,233,537,262,610,610,2338,2338,145,502,2338,425,610,325,166,1505,610,11001008804
9,487,3668,3668,1086,3485,1847,826,1086,1041,964,192,3441,243,121,536,1847,4,Census Tract 89.03; District of Columbia; District of Columbia,11,001,008903,3668,78,243,624,103,828,1047,1086,1086,3668,3668,117,277,3668,191,1086,83,84,1684,1086,11001008903
104,746,3806,3826,917,3826,1813,655,918,917,859,275,3625,408,199,549,2074,81,Census Tract 89.04; District of Columbia; District of Columbia,11,001,008904,3826,201,202,386,420,544,709,917,917,3826,3826,263,327,3826,441,917,284,209,1818,917,11001008904
14,954,3679,3679,603,3679,813,282,603,603,617,311,3568,1106,330,295,1928,0,Census Tract 90; District of Columbia; District of Columbia,11,001,009000,3679,146,155,151,66,547,495,603,603,3679,3679,79,391,3679,395,603,44,60,2383,603,11001009000
103,616,4347,4352,677,4341,1384,506,677,676,582,208,3796,451,140,496,2480,118,Census Tract 91.02; District of Columbia; District of Columbia,11,001,009102,4352,377,192,329,596,686,1058,677,677,4352,4352,312,235,4352,912,677,444,386,1923,677,11001009102
85,431,3035,3058,411,2876,685,236,412,409,381,206,2841,218,137,222,1441,102,Census Tract 92.01; District of Columbia; District of Columbia,11,001,009201,3058,268,116,271,336,330,557,411,411,3058,3058,127,119,3058,1660,411,332,153,1289,411,11001009201
209,362,3320,3320,728,3320,451,204,728,728,693,224,3078,408,212,510,2081,142,Census Tract 92.03; District of Columbia; District of Columbia,11,001,009203,3320,273,229,207,441,578,402,728,728,3320,3320,261,285,3320,888,728,263,192,1565,728,11001009203
287,655,3388,3388,554,3388,1641,533,554,554,536,251,3011,491,182,412,1879,592,Census Tract 92.04; District of Columbia; District of Columbia,11,001,009204,3388,166,165,382,911,788,1112,554,554,3388,3388,346,196,3388,328,554,579,301,1621,554,11001009204
127,171,3382,3388,516,3388,408,158,517,516,505,89,3215,342,81,288,1601,84,Census Tract 93.01; District of Columbia; District of Columbia,11,001,009301,3388,441,65,142,306,84,699,516,516,3388,3388,191,342,3388,1380,516,114,105,1417,516,11001009301
46,99,1821,1821,306,1821,389,189,306,306,275,81,1664,45,29,184,779,43,Census Tract 93.02; District of Columbia; District of Columbia,11,001,009302,1821,139,114,136,256,284,212,306,306,1821,1821,152,164,1821,685,306,298,231,996,306,11001009302
106,517,4966,4966,730,4946,652,372,730,728,570,222,4564,831,172,359,2533,115,Census Tract 94; District of Columbia; District of Columbia,11,001,009400,4966,611,156,295,232,257,1172,730,730,4966,4966,111,241,4966,1186,730,263,169,1849,730,11001009400
417,299,3405,3438,697,3409,935,588,698,697,663,157,3142,584,149,402,1755,403,Census Tract 95.03; District of Columbia; District of Columbia,11,001,009503,3438,265,28,420,313,31,1086,697,697,3438,3438,216,176,3438,845,697,258,174,1202,697,11001009503
191,436,2814,3037,365,2810,665,299,365,365,357,144,2905,940,197,298,1664,316,Census Tract 95.04; District of Columbia; District of Columbia,11,001,009504,3037,227,85,133,615,166,288,365,365,3037,3037,316,155,3037,1014,365,183,142,1214,365,11001009504
89,604,4392,4407,548,4392,428,201,549,549,531,166,4319,533,108,436,2590,127,Census Tract 95.05; District of Columbia; District of Columbia,11,001,009505,4407,172,167,278,366,300,974,548,548,4407,4407,204,372,4407,493,548,157,106,1871,548,11001009505
213,220,1636,1636,316,1636,626,287,316,316,320,63,1487,346,72,204,929,274,Census Tract 95.07; District of Columbia; District of Columbia,11,001,009507,1636,70,52,100,329,99,417,316,316,1636,1636,221,137,1636,156,316,288,93,587,316,11001009507
152,744,3910,3910,975,3897,948,274,975,974,959,259,3763,672,215,949,2360,304,Census Tract 95.08; District of Columbia; District of Columbia,11,001,009508,3910,130,203,439,345,579,959,975,975,3910,3910,163,250,3910,164,975,334,121,1880,975,11001009508
48,425,3274,3274,529,3274,134,89,529,529,458,124,2899,545,100,298,1893,44,Census Tract 95.09; District of Columbia; District of Columbia,11,001,009509,3274,250,126,230,253,263,705,529,529,3274,3274,180,189,3274,722,529,399,200,1388,529,11001009509
255,497,4786,4788,827,4788,2618,562,830,827,769,229,4390,572,336,547,2345,872,Census Tract 95.10; District of Columbia; District of Columbia,11,001,009510,4788,221,123,415,1464,493,1462,827,827,4788,4788,315,225,4788,276,827,1706,574,1925,827,11001009510
75,91,1378,1426,58,122,122,7,58,7,58,59,1426,107,103,196,766,54,Census Tract 95.11; District of Columbia; District of Columbia,11,001,009511,1426,154,14,13,155,0,13,58,58,1426,1426,106,14,1426,924,58,203,92,0,58,11001009511
38,358,2212,2218,464,2212,851,397,464,464,439,135,2079,265,97,316,1376,26,Census Tract 96.01; District of Columbia; District of Columbia,11,001,009601,2218,126,154,248,102,291,727,464,464,2218,2218,80,153,2218,113,464,73,79,843,464,11001009601
40,882,5527,5527,590,5496,3659,662,590,578,469,279,4957,438,126,414,3345,30,Census Tract 96.02; District of Columbia; District of Columbia,11,001,009602,5527,83,252,474,437,1242,1997,590,590,5527,5527,314,244,5527,74,590,290,260,2233,590,11001009602
54,850,4219,4219,720,4219,1849,567,720,720,718,270,4173,760,281,493,2294,57,Census Tract 96.03; District of Columbia; District of Columbia,11,001,009603,4219,14,214,404,375,707,878,720,720,4219,4219,209,211,4219,0,720,124,116,1981,720,11001009603
41,300,1885,1912,584,1912,468,216,582,584,393,137,1743,374,45,370,1195,60,Census Tract 96.04; District of Columbia; District of Columbia,11,001,009604,1912,46,73,306,166,228,376,584,584,1912,1912,84,76,1912,83,584,101,68,856,584,11001009604
24,663,3232,3232,747,3232,1225,478,747,747,660,363,2969,869,400,507,1646,15,Census Tract 97; District of Columbia; District of Columbia,11,001,009700,3232,54,175,350,288,431,596,747,747,3232,3232,328,546,3232,45,747,0,14,1791,747,11001009700
14,805,2075,2075,435,2075,1109,397,435,435,393,349,1872,592,319,378,1449,11,Census Tract 98.01; District of Columbia; District of Columbia,11,001,009801,2075,52,317,145,11,564,616,435,435,2075,2075,14,326,2075,71,435,42,42,1107,435,11001009801
18,543,2099,2113,531,2113,1136,377,533,531,410,268,1910,374,228,225,1091,12,Census Tract 98.02; District of Columbia; District of Columbia,11,001,009802,2113,19,225,315,38,475,751,531,531,2113,2113,40,227,2113,17,531,0,14,862,531,11001009802
62,603,2824,2892,610,2696,1134,391,609,548,543,342,2760,400,97,355,1362,49,Census Tract 98.03; District of Columbia; District of Columbia,11,001,009803,2892,54,330,384,266,534,691,610,610,2892,2892,238,325,2892,88,610,221,296,1363,610,11001009803
97,478,2643,2643,629,2643,1205,515,629,629,538,147,2396,90,54,487,1834,92,Census Tract 98.04; District of Columbia; District of Columbia,11,001,009804,2643,121,115,372,195,335,869,629,629,2643,2643,147,134,2643,133,629,345,235,966,629,11001009804
123,596,3211,3322,750,3250,958,306,752,750,558,269,3032,542,163,302,1405,81,Census Tract 98.07; District of Columbia; District of Columbia,11,001,009807,3322,68,342,419,161,825,587,750,750,3322,3322,152,318,3322,55,750,156,208,1736,750,11001009807
60,327,1918,1918,406,1918,1038,462,406,406,406,143,1918,168,60,342,1057,39,Census Tract 98.10; District of Columbia; District of Columbia,11,001,009810,1918,61,176,244,107,648,490,406,406,1918,1918,126,184,1918,42,406,42,61,1132,406,11001009810
86,821,4225,4225,1030,4225,2302,1075,1030,1030,1028,255,4052,409,153,741,2668,41,Census Tract 98.11; District of Columbia; District of Columbia,11,001,009811,4225,98,245,525,67,820,1233,1030,1030,4225,4225,92,295,4225,69,1030,34,86,1789,1030,11001009811
15,406,2102,2107,331,2107,285,164,331,331,326,160,1957,621,243,238,1164,9,Census Tract 99.01; District of Columbia; District of Columbia,11,001,009901,2107,95,107,88,35,156,284,331,331,2107,2107,36,156,2107,183,331,15,18,947,331,11001009901
13,395,2736,2742,844,2736,449,257,844,844,813,147,2498,456,142,480,1552,10,Census Tract 99.02; District of Columbia; District of Columbia,11,001,009902,2742,174,121,226,24,270,341,844,844,2742,2742,43,312,2742,223,844,156,174,1245,844,11001009902
72,298,2156,2156,489,2142,531,407,489,493,458,255,1923,221,42,229,1110,56,Census Tract 99.03; District of Columbia; District of Columbia,11,001,009903,2156,239,53,96,106,110,536,489,489,2156,2156,118,103,2156,166,489,73,97,672,489,11001009903
99,539,3623,3632,792,3623,1561,618,793,793,591,234,3276,233,120,478,1943,111,Census Tract 99.04; District of Columbia; District of Columbia,11,001,009904,3632,87,127,540,243,357,1248,792,792,3632,3632,205,187,3632,96,792,494,450,1381,792,11001009904
14,585,3166,3182,675,3166,1083,477,675,675,630,185,2900,313,77,496,1883,0,Census Tract 99.05; District of Columbia; District of Columbia,11,001,009905,3182,60,162,431,60,449,1063,675,675,3182,3182,60,230,3182,54,675,0,14,1271,675,11001009905
49,197,1615,1615,318,1615,385,176,318,318,297,94,1447,328,286,191,1055,42,Census Tract 99.06; District of Columbia; District of Columbia,11,001,009906,1615,52,93,117,34,325,346,318,318,1615,1615,30,140,1615,82,318,17,27,750,318,11001009906
36,261,2086,2099,646,2086,985,535,646,646,646,102,2001,192,48,227,999,36,Census Tract 99.07; District of Columbia; District of Columbia,11,001,009907,2099,33,178,500,5,425,560,646,646,2099,2099,10,129,2099,28,646,195,252,873,646,11001009907
72,199,2631,2659,414,2598,328,137,414,414,416,71,2629,248,57,246,1349,123,Census Tract 101; District of Columbia; District of Columbia,11,001,010100,2659,448,232,30,611,1225,62,414,414,2659,2659,201,226,2659,1626,414,341,158,1866,414,11001010100
64,188,2946,2946,440,2946,325,130,440,440,440,90,2889,323,128,235,1201,59,Census Tract 102.01; District of Columbia; District of Columbia,11,001,010201,2946,282,247,244,269,1046,332,440,440,2946,2946,132,217,2946,1243,440,170,105,2074,440,11001010201
56,276,2494,2542,454,2528,641,412,460,452,348,139,2325,353,148,414,1366,70,Census Tract 102.02; District of Columbia; District of Columbia,11,001,010202,2542,280,208,170,444,607,265,454,454,2542,2542,166,263,2542,1307,454,218,140,1631,454,11001010202
287,459,4323,4344,539,4323,748,336,539,539,542,144,3978,585,170,352,2352,668,Census Tract 103; District of Columbia; District of Columbia,11,001,010300,4344,192,237,211,892,515,1037,539,539,4344,4344,242,234,4344,969,539,877,356,1804,539,11001010300
55,589,4215,4389,919,4195,1540,438,918,913,893,203,4246,520,173,726,2139,40,Census Tract 104; District of Columbia; District of Columbia,11,001,010400,4389,360,563,294,49,949,434,919,919,4389,4389,58,825,4389,408,919,92,83,2254,919,11001010400
92,360,3827,3844,583,3844,1115,376,581,583,563,173,3708,361,102,346,2072,98,Census Tract 105; District of Columbia; District of Columbia,11,001,010500,3844,532,266,208,459,942,354,583,583,3844,3844,200,302,3844,1881,583,374,184,2356,583,11001010500
67,119,1914,1928,357,1928,356,142,357,357,333,80,1884,2,11,239,1095,73,Census Tract 106.01; District of Columbia; District of Columbia,11,001,010601,1928,326,119,69,189,711,44,357,357,1928,1928,116,227,1928,1127,357,158,100,1307,357,11001010601
38,733,7256,7269,709,7218,1059,467,710,709,718,329,6798,442,264,453,4042,44,Census Tract 106.02; District of Columbia; District of Columbia,11,001,010602,7269,689,300,314,597,1037,1137,709,709,7269,7269,208,286,7269,3936,709,447,271,3470,709,11001010602
14,232,2562,2562,591,2562,188,85,591,591,591,98,2560,63,56,566,1615,0,Census Tract 106.03; District of Columbia; District of Columbia,11,001,010603,2562,578,422,3,226,1123,2,591,591,2562,2562,120,392,2562,1919,591,248,129,1841,591,11001010603
44,25,1648,1648,330,1554,331,120,330,330,329,28,1609,110,71,358,975,63,Census Tract 107; District of Columbia; District of Columbia,11,001,010700,1648,327,348,18,254,1020,43,330,330,1648,1648,108,340,1648,1179,330,229,121,1252,330,11001010700
73,315,4731,4731,272,1206,615,181,272,269,272,124,4727,34,29,208,2735,220,Census Tract 108; District of Columbia; District of Columbia,11,001,010800,4731,217,164,35,974,888,54,272,272,4731,4731,270,166,4731,2766,272,634,133,977,272,11001010800
59,502,3355,3355,781,3355,2220,740,781,781,626,281,2952,118,63,419,1454,77,Census Tract 109; District of Columbia; District of Columbia,11,001,010900,3355,85,206,535,175,544,918,781,781,3355,3355,111,129,3355,84,781,7,15,1353,781,11001010900
369,127,2709,2763,554,2763,578,261,563,554,540,94,2541,420,141,371,1531,317,Census Tract 110.01; District of Columbia; District of Columbia,11,001,011001,2763,548,182,166,60,468,440,554,554,2763,2763,61,242,2763,1525,554,654,523,1449,554,11001011001
21,195,1479,1512,192,1479,161,98,193,193,194,108,1472,436,110,147,818,16,Census Tract 110.02; District of Columbia; District of Columbia,11,001,011002,1512,211,120,7,250,397,40,192,192,1512,1512,82,143,1512,995,192,17,17,1127,192,11001011002
100,917,4765,4985,754,4765,1463,592,754,754,687,475,4582,828,137,433,2361,188,Census Tract 111; District of Columbia; District of Columbia,11,001,011100,4985,155,448,354,520,700,1071,754,754,4985,4985,193,419,4985,609,754,724,420,1855,754,11001011100
14,0,17,17,25,17,0,14,25,25,25,14,17,0,14,14,0,0,Census Tract 9800; District of Columbia; District of Columbia,11,001,980000,17,25,14,14,0,0,0,25,25,17,17,14,8,17,17,25,0,14,5,25,11001980000
