B09001_001E,B09001_001M,B01003_001E,B01003_001M,NAME,state,county,tract,S0101_C01_001E_x,S0101_C01_030E,S0101_C01_030M,S0101_C01_001M_x,S0101_C01_001E_y,S0101_C05_001E,S0101_C05_001M,S0101_C01_001M_y,B02001_001M,B02001_002M,B02001_001E,B02001_002E,B03002_012E,B03002_001M,B03002_001E,B03002_012M,B05012_003M,B05012_001E,B05012_001M,B05012_003E,S1601_C01_001M,S1601_C05_001M,S1601_C05_001E,S1601_C01_001E,S1810_C02_001M,S1810_C02_001E,S1810_C01_001M,S1810_C01_001E,S1701_C01_042M,S1701_C01_042E,S1701_C01_001M,S1701_C01_001E,B08201_001E,B08201_001M,B08201_002E,B08201_002M,GEOID
115,43,1181,205,Census Tract 1.01; District of Columbia; District of Columbia,11,001,000101,1181,373,115,205,1181,678,166,205,205,194,1181,888,90,205,1181,89,77,1181,205,161,187,40,33,1083,28,30,205,1181,48,73,205,1181,803,128,311,115,11001000101
277,114,3056,396,Census Tract 1.02; District of Columbia; District of Columbia,11,001,000102,3056,951,232,396,3056,1618,313,396,396,375,3056,2590,405,396,3056,233,287,3056,396,689,385,116,159,2921,130,244,396,3056,168,233,396,3056,1830,325,517,156,11001000102
18,24,2835,45,Census Tract 2.01; District of Columbia; District of Columbia,11,001,000201,2835,0,14,45,2835,1705,125,45,45,176,2835,1685,381,45,2835,107,102,2835,45,317,45,28,33,2835,74,163,45,2835,5,64,5,64,0,14,0,14,11001000201
233,59,3964,481,Census Tract 2.02; District of Columbia; District of Columbia,11,001,000202,3964,731,192,481,3964,2115,369,481,481,491,3964,3168,384,481,3964,168,239,3964,481,792,475,73,103,3886,103,231,480,3946,204,541,481,3246,1832,355,623,329,11001000202
1295,264,5669,709,Census Tract 3; District of Columbia; District of Columbia,11,001,000300,5669,679,184,709,5669,2975,426,709,709,671,5669,4033,816,709,5669,429,406,5669,709,1413,653,114,182,5238,83,141,709,5669,229,609,709,5669,2430,274,241,128,11001000300
323,158,1715,318,Census Tract 4; District of Columbia; District of Columbia,11,001,000400,1715,354,93,318,1715,897,255,318,318,147,1715,1040,279,318,1715,160,168,1715,318,427,313,91,123,1635,97,202,318,1715,120,302,318,1715,698,75,142,63,11001000400
323,119,3490,532,Census Tract 5.01; District of Columbia; District of Columbia,11,001,000501,3490,604,160,532,3490,1953,385,532,532,326,3490,2165,366,532,3490,190,253,3490,532,661,499,111,126,3363,117,232,532,3490,294,482,532,3475,2220,339,973,328,11001000501
793,258,3448,529,Census Tract 5.02; District of Columbia; District of Columbia,11,001,000502,3448,477,80,529,3448,2018,370,529,529,490,3448,2510,491,529,3448,181,107,3448,529,346,502,67,73,3103,93,217,529,3448,191,339,529,3448,1739,216,326,80,11001000502
940,173,4367,517,Census Tract 6; District of Columbia; District of Columbia,11,001,000600,4367,934,131,517,4367,2558,391,517,517,445,4367,3656,343,517,4367,147,220,4367,517,526,472,98,97,4203,129,319,517,4258,123,219,518,4246,2160,249,581,157,11001000600
320,188,3239,539,Census Tract 7.02; District of Columbia; District of Columbia,11,001,000702,3239,631,242,539,3239,1775,387,539,539,298,3239,1813,310,539,3239,237,221,3239,539,646,530,80,132,3180,198,330,539,3239,282,654,539,3239,2182,331,641,168,11001000702
118,89,2764,430,Census Tract 7.03; District of Columbia; District of Columbia,11,001,000703,2764,1365,286,430,2764,1525,288,430,430,361,2764,1919,371,430,2764,271,265,2764,430,709,426,69,83,2729,157,490,430,2764,108,132,430,2764,1878,261,449,199,11001000703
286,106,2404,371,Census Tract 7.04; District of Columbia; District of Columbia,11,001,000704,2404,439,130,371,2404,1365,300,371,371,418,2404,1777,286,371,2404,162,298,2404,371,909,375,86,99,2311,70,174,369,2394,102,207,371,2404,1458,230,401,154,11001000704
569,115,3136,433,Census Tract 8.02; District of Columbia; District of Columbia,11,001,000802,3136,749,340,433,3136,1498,249,433,433,343,3136,2123,320,433,3136,245,403,3136,433,1049,431,162,208,2974,208,295,433,3136,240,463,433,3136,1458,183,249,99,11001000802
400,128,2521,388,Census Tract 8.03; District of Columbia; District of Columbia,11,001,000803,2521,734,166,388,2521,1554,259,388,388,274,2521,1846,213,388,2521,143,353,2521,388,746,362,196,223,2396,111,261,388,2521,296,472,388,2325,1284,143,224,102,11001000803
955,367,3532,623,Census Tract 8.04; District of Columbia; District of Columbia,11,001,000804,3532,542,129,623,3532,1763,382,623,623,651,3532,2973,111,623,3532,87,185,3532,623,578,609,38,69,3343,74,165,620,3509,81,133,622,3126,1229,180,58,52,11001000804
576,138,2134,381,Census Tract 9.02; District of Columbia; District of Columbia,11,001,000902,2134,510,85,381,2134,1121,217,381,381,359,2134,1708,182,381,2134,99,84,2134,381,237,371,41,57,2018,67,139,381,2134,158,193,381,2134,850,122,38,35,11001000902
269,72,3201,209,Census Tract 9.03; District of Columbia; District of Columbia,11,001,000903,3201,231,67,209,3201,1815,224,209,209,242,3201,2547,292,209,3201,144,147,3201,209,480,191,43,79,3129,93,214,209,3201,100,131,200,1106,382,61,0,14,11001000903
854,120,3250,447,Census Tract 9.04; District of Columbia; District of Columbia,11,001,000904,3250,905,161,447,3250,1650,350,447,447,387,3250,2383,275,447,3250,169,298,3250,447,738,407,165,151,3077,102,258,447,3250,175,239,447,3250,1191,117,175,80,11001000904
520,262,3348,564,Census Tract 10.02; District of Columbia; District of Columbia,11,001,001002,3348,377,129,564,3348,1716,343,564,564,543,3348,2742,155,564,3348,131,250,3348,564,519,512,179,231,3196,69,96,564,3348,289,534,564,3348,1962,273,487,155,11001001002
909,261,2895,526,Census Tract 10.03; District of Columbia; District of Columbia,11,001,001003,2895,530,69,526,2895,1319,205,526,526,533,2895,2336,219,526,2895,157,225,2895,526,541,464,224,185,2716,54,100,522,2866,192,230,420,2818,1050,138,19,25,11001001003
997,196,3959,448,Census Tract 10.04; District of Columbia; District of Columbia,11,001,001004,3959,818,137,448,3959,2143,326,448,448,394,3959,3102,279,448,3959,191,184,3959,448,524,414,66,94,3800,154,386,445,3952,245,588,448,3807,1550,154,298,143,11001001004
764,175,4508,634,Census Tract 11; District of Columbia; District of Columbia,11,001,001100,4508,1149,212,634,4508,2438,429,634,634,462,4508,3046,257,634,4508,156,217,4508,634,785,624,117,181,4378,204,388,634,4444,294,505,634,4388,2070,389,571,288,11001001100
741,104,4711,611,Census Tract 12; District of Columbia; District of Columbia,11,001,001200,4711,1047,365,611,4711,2429,355,611,611,576,4711,3518,368,611,4711,232,454,4711,611,1115,597,102,122,4522,208,481,611,4711,229,581,611,4711,2460,321,757,199,11001001200
560,148,3965,513,Census Tract 13.01; District of Columbia; District of Columbia,11,001,001301,3965,874,298,513,3965,2410,355,513,513,418,3965,2698,377,513,3965,259,242,3965,513,497,503,77,96,3828,122,201,513,3914,214,490,514,3868,2090,279,619,279,11001001301
259,106,3537,523,Census Tract 13.03; District of Columbia; District of Columbia,11,001,001303,3537,764,172,523,3537,2079,380,523,523,396,3537,2472,432,523,3537,204,305,3537,523,601,510,72,61,3384,125,251,523,3537,285,630,523,3537,2258,256,862,265,11001001303
122,73,4083,640,Census Tract 13.04; District of Columbia; District of Columbia,11,001,001304,4083,693,221,640,4083,2018,418,640,640,527,4083,2840,504,640,4083,201,259,4083,640,654,642,138,87,4068,256,389,640,4083,172,286,640,4083,2800,391,785,269,11001001304
885,173,3324,462,Census Tract 14.01; District of Columbia; District of Columbia,11,001,001401,3324,567,62,462,3324,1579,273,462,462,223,3324,2104,523,462,3324,215,354,3324,462,697,360,105,158,2978,49,113,462,3324,94,185,462,3324,1351,156,306,120,11001001401
844,241,3488,468,Census Tract 14.02; District of Columbia; District of Columbia,11,001,001402,3488,1060,181,468,3488,1813,274,468,468,434,3488,2371,340,468,3488,186,135,3488,468,504,380,37,41,3215,103,360,468,3446,94,184,468,3446,1654,182,335,110,11001001402
1500,229,5619,792,Census Tract 15; District of Columbia; District of Columbia,11,001,001500,5619,1500,312,792,5619,3020,552,792,792,668,5619,3962,605,792,5619,531,389,5619,792,632,772,366,414,5200,154,248,792,5453,74,98,792,5453,2072,291,77,57,11001001500
1443,289,5071,620,Census Tract 16; District of Columbia; District of Columbia,11,001,001600,5071,1166,187,620,5071,2479,386,620,620,172,5071,1145,448,620,5071,281,361,5071,620,648,568,97,132,4715,195,560,620,5067,114,250,624,4993,1789,205,18,17,11001001600
642,209,3387,474,Census Tract 17.02; District of Columbia; District of Columbia,11,001,001702,3387,504,84,474,3387,1969,386,474,474,302,3387,1505,279,474,3387,164,104,3387,474,226,450,63,54,3189,86,197,473,3372,97,203,473,3374,1625,217,284,110,11001001702
965,253,3795,610,Census Tract 18.03; District of Columbia; District of Columbia,11,001,001803,3795,528,168,610,3795,2156,449,610,610,160,3795,356,1243,610,3795,642,493,3795,610,1427,554,411,1206,3692,296,635,610,3795,581,1733,610,3795,1683,219,640,226,11001001803
1705,544,5428,903,Census Tract 18.04; District of Columbia; District of Columbia,11,001,001804,5428,754,271,903,5428,3264,666,903,903,114,5428,135,2072,903,5428,688,609,5428,903,1983,837,480,1465,5253,291,805,903,5428,794,1885,903,5428,1997,252,687,286,11001001804
1352,467,4581,945,Census Tract 19.01; District of Columbia; District of Columbia,11,001,001901,4581,741,365,945,4581,2408,441,945,945,205,4581,1162,907,945,4581,377,253,4581,945,704,980,311,514,4255,98,233,945,4581,829,967,945,4581,1658,389,185,99,11001001901
528,103,2212,252,Census Tract 19.02; District of Columbia; District of Columbia,11,001,001902,2212,300,61,252,2212,1174,182,252,252,191,2212,545,335,252,2212,148,134,2212,252,347,220,73,173,2037,69,208,252,2212,204,419,252,2212,827,86,114,71,11001001902
763,556,2983,805,Census Tract 20.01; District of Columbia; District of Columbia,11,001,002001,2983,309,96,805,2983,1486,446,805,805,158,2983,498,1313,805,2983,677,486,2983,805,1305,694,570,1116,2759,233,532,805,2980,821,1230,806,2979,1125,254,298,128,11001002001
821,223,4106,589,Census Tract 20.02; District of Columbia; District of Columbia,11,001,002002,4106,498,120,589,4106,2054,418,589,589,355,4106,1317,770,589,4106,478,305,4106,589,784,568,247,308,3861,129,345,590,4087,292,678,594,4051,1512,337,274,130,11001002002
1789,587,5946,1121,Census Tract 21.01; District of Columbia; District of Columbia,11,001,002101,5946,719,163,1121,5946,3062,715,1121,1121,383,5946,1024,1554,1121,5946,1001,549,5946,1121,1392,1067,315,659,5254,209,636,1121,5946,700,1258,1121,5946,2513,339,737,214,11001002101
1227,244,5043,646,Census Tract 21.02; District of Columbia; District of Columbia,11,001,002102,5043,531,232,646,5043,2860,386,646,646,227,5043,785,1411,646,5043,491,294,5043,646,689,646,212,278,4714,168,430,646,5036,371,941,642,5029,2342,354,533,240,11001002102
849,350,3238,671,Census Tract 22.01; District of Columbia; District of Columbia,11,001,002201,3238,400,83,671,3238,1416,332,671,671,256,3238,1553,901,671,3238,589,436,3238,671,754,617,289,438,2979,72,203,672,3225,142,194,571,3065,986,109,100,54,11001002201
930,445,3228,748,Census Tract 22.02; District of Columbia; District of Columbia,11,001,002202,3228,391,125,748,3228,1830,540,748,748,352,3228,913,544,748,3228,382,325,3228,748,584,599,186,248,2821,185,515,748,3228,616,792,748,3228,1267,227,268,156,11001002202
765,221,3170,497,Census Tract 23.01; District of Columbia; District of Columbia,11,001,002301,3170,305,116,497,3170,1756,325,497,497,202,3170,802,600,497,3170,242,254,3170,497,621,475,121,235,2840,117,236,497,3170,303,681,497,3170,1202,191,92,58,11001002301
218,24,1538,182,Census Tract 23.02; District of Columbia; District of Columbia,11,001,002302,1538,582,192,182,1538,487,155,182,182,188,1538,517,88,182,1538,107,61,1538,182,171,191,29,15,1508,135,270,180,1381,86,155,180,1381,837,174,433,170,11001002302
547,129,3735,448,Census Tract 24; District of Columbia; District of Columbia,11,001,002400,3735,475,127,448,3735,1805,223,448,448,362,3735,1570,903,448,3735,443,363,3735,448,809,443,367,485,3544,115,270,446,3701,321,620,448,3712,1510,164,196,99,11001002400
696,284,2860,795,Census Tract 25.01; District of Columbia; District of Columbia,11,001,002501,2860,249,54,795,2860,1303,389,795,795,391,2860,1049,484,795,2860,529,466,2860,795,651,620,413,334,2602,59,138,796,2848,123,177,795,2857,1060,269,156,69,11001002501
259,149,2909,585,Census Tract 25.03; District of Columbia; District of Columbia,11,001,002503,2909,211,64,585,2909,1330,246,585,585,240,2909,971,554,585,2909,234,257,2909,585,574,588,86,117,2753,104,231,585,2909,94,242,585,2909,1705,549,852,556,11001002503
521,249,3132,535,Census Tract 25.04; District of Columbia; District of Columbia,11,001,002504,3132,420,133,535,3132,1327,333,535,535,414,3132,1133,1030,535,3132,446,245,3132,535,670,534,250,485,2973,314,395,538,3126,384,705,538,3117,1475,301,342,120,11001002504
682,129,2578,430,Census Tract 26; District of Columbia; District of Columbia,11,001,002600,2578,542,117,430,2578,1317,241,430,430,112,2578,906,383,430,2578,306,220,2578,430,445,398,214,276,2324,130,265,430,2578,122,181,430,2576,895,85,157,63,11001002600
1238,248,5578,711,Census Tract 27.02; District of Columbia; District of Columbia,11,001,002702,5578,604,152,711,5578,2721,467,711,711,649,5578,3325,1271,711,5578,507,318,5578,711,1095,670,293,626,5082,169,435,711,5578,271,618,676,5478,2397,186,744,197,11001002702
292,117,2312,379,Census Tract 27.03; District of Columbia; District of Columbia,11,001,002703,2312,317,79,379,2312,1099,222,379,379,294,2312,1191,380,379,2312,243,186,2312,379,539,330,141,208,2223,97,219,379,2192,93,162,379,2192,1109,125,405,107,11001002703
427,147,2971,608,Census Tract 27.04; District of Columbia; District of Columbia,11,001,002704,2971,103,92,608,2971,1271,342,608,608,444,2971,1469,912,608,2971,318,349,2971,608,890,601,196,393,2874,150,268,608,2971,175,357,608,2971,1625,340,769,265,11001002704
899,332,3877,559,Census Tract 28.01; District of Columbia; District of Columbia,11,001,002801,3877,214,81,559,3877,1980,340,559,559,429,3877,1424,1341,559,3877,608,331,3877,559,1048,485,409,673,3399,107,198,563,3858,479,1057,559,3877,1826,230,877,247,11001002801
1128,307,4951,487,Census Tract 28.02; District of Columbia; District of Columbia,11,001,002802,4951,522,222,487,4951,2893,424,487,487,816,4951,1911,2280,487,4951,411,616,4951,487,1758,577,468,902,4481,258,650,500,4924,658,2119,487,4945,2705,284,1790,347,11001002802
1136,627,4608,852,Census Tract 29; District of Columbia; District of Columbia,11,001,002900,4608,398,260,852,4608,2160,442,852,852,357,4608,1795,1152,852,4608,328,158,4608,852,686,614,293,553,4129,341,540,827,4558,642,1122,852,4597,1687,199,529,148,11001002900
666,146,3535,483,Census Tract 30; District of Columbia; District of Columbia,11,001,003000,3535,230,66,483,3535,1774,372,483,483,233,3535,1113,779,483,3535,331,316,3535,483,728,468,308,501,3259,164,354,483,3535,407,1110,481,3524,1622,234,830,251,11001003000
458,230,3529,448,Census Tract 31; District of Columbia; District of Columbia,11,001,003100,3529,212,99,448,3529,1964,308,448,448,393,3529,1881,860,448,3529,312,209,3529,448,703,408,118,300,3297,130,283,448,3522,222,424,438,3476,1917,257,685,218,11001003100
978,683,4132,1012,Census Tract 32; District of Columbia; District of Columbia,11,001,003200,4132,396,198,1012,4132,2093,543,1012,1012,483,4132,1771,891,1012,4132,486,443,4132,1012,895,982,436,541,3802,228,352,1012,4124,968,1323,1012,4124,1652,251,528,199,11001003200
284,114,3525,502,Census Tract 33.01; District of Columbia; District of Columbia,11,001,003301,3525,227,56,502,3525,1546,300,502,502,346,3525,1884,250,502,3525,126,181,3525,502,545,482,17,8,3310,128,230,501,3513,132,302,502,3525,1762,307,237,95,11001003301
341,253,2236,371,Census Tract 33.02; District of Columbia; District of Columbia,11,001,003302,2236,144,36,371,2236,1153,361,371,371,165,2236,1067,104,371,2236,60,121,2236,371,220,230,46,34,2060,52,132,379,2206,92,242,372,2224,1002,90,201,82,11001003302
254,89,4044,518,Census Tract 34; District of Columbia; District of Columbia,11,001,003400,4044,230,96,518,4044,2528,501,518,518,284,4044,1194,429,518,4044,247,145,4044,518,454,511,55,57,3987,173,480,518,4044,310,715,505,2381,1222,193,642,180,11001003400
175,140,4498,451,Census Tract 35; District of Columbia; District of Columbia,11,001,003500,4498,136,69,451,4498,2201,282,451,451,353,4498,1626,293,451,4498,122,140,4498,451,465,441,69,72,4429,123,289,451,4498,326,665,444,3164,1907,230,785,203,11001003500
446,120,4500,629,Census Tract 36; District of Columbia; District of Columbia,11,001,003600,4500,364,169,629,4500,2257,426,629,629,492,4500,2537,479,629,4500,222,234,4500,629,578,628,118,142,4438,163,438,628,4474,248,1010,628,4491,2248,178,1056,234,11001003600
246,115,2195,229,Census Tract 37.01; District of Columbia; District of Columbia,11,001,003701,2195,219,100,229,2195,1175,149,229,229,161,2195,1085,739,229,2195,211,156,2195,229,652,229,128,378,2135,75,132,229,2195,146,215,229,2195,1335,88,487,146,11001003701
483,398,2815,796,Census Tract 37.02; District of Columbia; District of Columbia,11,001,003702,2815,127,47,796,2815,1702,765,796,796,271,2815,1428,319,796,2815,187,430,2815,796,589,461,70,101,2436,79,118,796,2803,816,1298,796,2815,1514,267,715,183,11001003702
72,6,1514,201,Census Tract 38.01; District of Columbia; District of Columbia,11,001,003801,1514,117,64,201,1514,866,155,201,201,202,1514,1245,139,201,1514,81,78,1514,201,180,202,29,28,1461,47,44,201,1514,71,80,201,1514,997,156,346,125,11001003801
223,97,3607,510,Census Tract 38.02; District of Columbia; District of Columbia,11,001,003802,3607,281,175,510,3607,1604,298,510,510,350,3607,1988,674,510,3607,390,347,3607,510,888,494,74,77,3500,194,316,510,3607,182,551,510,3607,2105,234,1046,222,11001003802
339,133,2729,568,Census Tract 39.01; District of Columbia; District of Columbia,11,001,003901,2729,227,118,568,2729,1612,525,568,568,220,2729,1418,586,568,2729,267,126,2729,568,334,559,60,39,2423,66,126,568,2729,90,213,568,2729,1724,517,636,159,11001003901
325,134,1774,346,Census Tract 39.02; District of Columbia; District of Columbia,11,001,003902,1774,217,125,346,1774,804,171,346,346,241,1774,994,328,346,1774,165,214,1774,346,306,343,132,170,1754,59,100,346,1765,101,129,346,1774,1016,166,354,139,11001003902
407,196,3971,502,Census Tract 40.01; District of Columbia; District of Columbia,11,001,004001,3971,499,116,502,3971,2134,383,502,502,497,3971,2754,416,502,3971,290,124,3971,502,365,496,50,40,3745,138,311,502,3971,241,387,502,3971,2409,417,821,275,11001004001
396,175,3291,557,Census Tract 40.02; District of Columbia; District of Columbia,11,001,004002,3291,445,318,557,3291,1595,396,557,557,462,3291,2174,510,557,3291,250,303,3291,557,887,538,108,130,3168,85,157,557,3291,105,197,533,3185,2095,398,1131,371,11001004002
300,210,2363,399,Census Tract 41; District of Columbia; District of Columbia,11,001,004100,2363,535,108,399,2363,1452,307,399,399,182,2363,1683,382,399,2363,121,318,2363,399,471,325,254,246,2212,51,82,399,2363,344,401,399,2363,1417,144,572,133,11001004100
51,63,3224,506,Census Tract 42.01; District of Columbia; District of Columbia,11,001,004201,3224,178,119,506,3224,1711,311,506,506,520,3224,2498,284,506,3224,134,118,3224,506,292,499,70,62,3192,182,177,506,3224,173,334,506,3224,1928,346,1205,344,11001004201
87,24,2613,409,Census Tract 42.02; District of Columbia; District of Columbia,11,001,004202,2613,240,97,409,2613,1310,175,409,409,199,2613,1708,454,409,2613,248,132,2613,409,384,409,31,36,2535,73,133,409,2600,300,490,408,2554,1615,123,909,171,11001004202
403,311,4387,860,Census Tract 43; District of Columbia; District of Columbia,11,001,004300,4387,394,122,860,4387,2373,635,860,860,392,4387,2567,876,860,4387,463,442,4387,860,733,702,287,383,4180,171,259,877,4325,136,245,860,4387,2665,332,1600,277,11001004300
587,675,3388,981,Census Tract 44.01; District of Columbia; District of Columbia,11,001,004401,3388,144,78,981,3388,1265,428,981,981,233,3388,2065,255,981,3388,135,158,3388,981,466,697,38,31,3036,58,85,982,3367,95,201,981,3388,1869,228,761,211,11001004401
228,64,2503,447,Census Tract 44.02; District of Columbia; District of Columbia,11,001,004402,2503,202,51,447,2503,1214,359,447,447,208,2503,1586,151,447,2503,111,112,2503,447,294,431,66,83,2346,144,202,440,2480,172,283,447,2496,1234,155,433,120,11001004402
512,232,3058,566,Census Tract 46; District of Columbia; District of Columbia,11,001,004600,3058,300,83,566,3058,1744,465,566,566,364,3058,1476,210,566,3058,178,93,3058,566,249,536,18,15,2916,87,260,567,3047,344,802,566,3058,1498,212,384,110,11001004600
67,53,3476,706,Census Tract 47.02; District of Columbia; District of Columbia,11,001,004702,3476,240,69,706,3476,1900,427,706,706,754,3476,2322,460,706,3476,193,142,3476,706,504,706,46,59,3409,108,215,706,3313,122,446,706,3313,2264,379,1184,199,11001004702
361,127,3400,629,Census Tract 47.03; District of Columbia; District of Columbia,11,001,004703,3400,195,98,629,3400,1932,392,629,629,289,3400,1188,254,629,3400,136,445,3400,629,843,638,432,482,3331,237,260,631,3390,544,1473,629,3400,1916,352,1165,326,11001004703
465,135,1580,373,Census Tract 47.04; District of Columbia; District of Columbia,11,001,004704,1580,187,121,373,1580,1198,268,373,373,75,1580,104,46,373,1580,57,50,1580,373,28,286,61,51,1361,82,158,373,1565,332,1404,373,1580,728,142,517,119,11001004704
205,71,2751,480,Census Tract 48.01; District of Columbia; District of Columbia,11,001,004801,2751,347,192,480,2751,1277,280,480,480,198,2751,1430,538,480,2751,370,149,2751,480,346,442,110,146,2596,85,140,469,2712,232,523,480,2745,1479,265,546,137,11001004801
313,344,2974,692,Census Tract 48.02; District of Columbia; District of Columbia,11,001,004802,2974,233,54,692,2974,1416,340,692,692,170,2974,1115,441,692,2974,449,131,2974,692,384,687,112,153,2920,122,234,693,2962,182,377,692,2974,1662,158,566,147,11001004802
417,238,3381,442,Census Tract 49.01; District of Columbia; District of Columbia,11,001,004901,3381,394,187,442,3381,1564,320,442,442,269,3381,1773,504,442,3381,386,299,3381,442,548,467,179,231,3265,255,386,440,3359,455,1064,442,3381,1909,271,571,145,11001004901
338,56,3367,401,Census Tract 49.02; District of Columbia; District of Columbia,11,001,004902,3367,185,67,401,3367,1630,297,401,401,267,3367,1948,401,401,3367,234,172,3367,401,593,399,48,65,3353,57,97,403,3352,119,595,401,3367,2182,291,1069,254,11001004902
241,159,2064,497,Census Tract 50.01; District of Columbia; District of Columbia,11,001,005001,2064,123,66,497,2064,882,197,497,497,335,2064,1368,135,497,2064,81,249,2064,497,415,486,86,93,2006,52,86,497,2064,63,101,497,2064,1104,296,634,289,11001005001
15,23,1766,313,Census Tract 50.03; District of Columbia; District of Columbia,11,001,005003,1766,22,20,313,1766,832,213,313,313,260,1766,1120,261,313,1766,98,148,1766,313,416,313,32,150,1766,76,157,313,1766,77,327,313,1766,1117,129,679,123,11001005003
423,122,3703,409,Census Tract 50.04; District of Columbia; District of Columbia,11,001,005004,3703,408,162,409,3703,1779,275,409,409,483,3703,1902,887,409,3703,318,283,3703,409,958,405,233,559,3457,183,409,418,3661,449,1545,409,3703,2265,226,1388,247,11001005004
13,21,2973,499,Census Tract 52.02; District of Columbia; District of Columbia,11,001,005202,2973,511,253,499,2973,1212,243,499,499,483,2973,2479,197,499,2973,111,159,2973,499,317,499,21,13,2973,217,287,499,2973,171,291,495,2960,2080,315,1129,288,11001005202
54,81,3114,502,Census Tract 52.03; District of Columbia; District of Columbia,11,001,005203,3114,317,263,502,3114,1672,377,502,502,463,3114,1721,632,502,3114,290,330,3114,502,821,500,274,475,3060,247,305,502,3114,251,403,502,3114,2346,360,1561,337,11001005203
269,96,2547,338,Census Tract 53.02; District of Columbia; District of Columbia,11,001,005302,2547,212,137,338,2547,1077,207,338,338,324,2547,1952,373,338,2547,182,132,2547,338,420,334,39,38,2329,64,74,340,2531,125,193,338,2547,1606,231,860,223,11001005302
64,6,2503,366,Census Tract 53.03; District of Columbia; District of Columbia,11,001,005303,2503,391,169,366,2503,1298,283,366,366,321,2503,1724,230,366,2503,141,162,2503,366,478,365,58,78,2485,104,188,366,2490,155,345,366,2490,1985,309,1328,265,11001005303
61,69,1759,378,Census Tract 55.01; District of Columbia; District of Columbia,11,001,005501,1759,162,87,378,1759,790,207,378,378,360,1759,1400,388,378,1759,202,225,1759,378,492,369,93,115,1740,161,245,378,1748,109,228,378,1757,1271,235,706,203,11001005501
119,139,2487,424,Census Tract 55.02; District of Columbia; District of Columbia,11,001,005502,2487,443,126,424,2487,1137,204,424,424,428,2487,1779,104,424,2487,83,154,2487,424,377,338,89,167,2397,145,318,421,2323,158,414,423,2301,1561,199,893,172,11001005502
0,14,1693,353,Census Tract 55.03; District of Columbia; District of Columbia,11,001,005503,1693,261,107,353,1693,924,255,353,353,353,1693,1301,173,353,1693,113,132,1693,353,360,353,64,62,1693,105,156,353,1693,240,565,353,1693,1190,238,672,214,11001005503
31,16,2508,397,Census Tract 56.01; District of Columbia; District of Columbia,11,001,005601,2508,287,116,397,2508,1466,367,397,397,315,2508,1641,302,397,2508,283,342,2508,397,705,396,97,77,2477,101,152,389,2441,166,738,397,2499,1992,364,1283,305,11001005601
241,159,4034,411,Census Tract 56.02; District of Columbia; District of Columbia,11,001,005602,4034,956,176,411,4034,2294,335,411,411,335,4034,2589,615,411,4034,234,412,4034,411,1489,349,231,441,3870,162,490,411,4034,191,545,414,3018,1976,209,879,217,11001005602
72,27,1780,274,Census Tract 58.01; District of Columbia; District of Columbia,11,001,005801,1780,349,98,274,1780,983,348,274,274,272,1780,1293,148,274,1780,60,96,1780,274,288,271,68,140,1708,67,252,274,1780,97,408,274,1767,1104,245,640,178,11001005801
13,21,1936,285,Census Tract 58.02; District of Columbia; District of Columbia,11,001,005802,1936,219,103,285,1936,757,149,285,285,225,1936,1178,374,285,1936,189,215,1936,285,431,281,46,54,1923,117,205,295,1879,162,370,285,1936,1367,191,725,193,11001005802
23,30,2403,366,Census Tract 59; District of Columbia; District of Columbia,11,001,005900,2403,159,96,366,2403,986,165,366,366,368,2403,1614,223,366,2403,164,130,2403,366,334,361,28,39,2389,87,196,366,2403,135,426,367,2246,1483,264,866,221,11001005900
516,321,2978,561,Census Tract 64; District of Columbia; District of Columbia,11,001,006400,2978,364,136,561,2978,1413,369,561,561,183,2978,621,51,561,2978,47,73,2978,561,94,393,63,71,2755,186,479,563,2953,450,1436,481,2904,1674,182,827,176,11001006400
440,176,2549,451,Census Tract 65; District of Columbia; District of Columbia,11,001,006500,2549,433,164,451,2549,1561,427,451,451,412,2549,1854,307,451,2549,303,136,2549,451,337,435,91,74,2357,55,117,451,2549,290,500,452,2512,1365,344,356,118,11001006500
346,101,2150,514,Census Tract 66; District of Columbia; District of Columbia,11,001,006600,2150,337,79,514,2150,1066,266,514,514,523,2150,1713,113,514,2150,85,77,2150,514,182,484,58,36,1982,63,137,517,2125,280,370,515,2138,1091,232,290,99,11001006600
568,127,3930,375,Census Tract 67; District of Columbia; District of Columbia,11,001,006700,3930,914,209,375,3930,2031,256,375,375,346,3930,3323,196,375,3930,119,80,3930,375,162,343,36,39,3622,117,269,373,3860,59,97,375,3921,2087,250,377,176,11001006700
379,178,2271,383,Census Tract 68.01; District of Columbia; District of Columbia,11,001,006801,2271,121,38,383,2271,1011,197,383,383,219,2271,1266,192,383,2271,176,119,2271,383,241,302,53,28,2047,80,151,388,2212,177,422,383,2271,1026,151,248,127,11001006801
326,89,2264,597,Census Tract 68.02; District of Columbia; District of Columbia,11,001,006802,2264,240,87,597,2264,1235,373,597,597,167,2264,1340,107,597,2264,89,44,2264,597,76,578,13,9,2080,63,70,600,2248,234,259,597,2257,1045,211,87,51,11001006802
6,9,2143,59,Census Tract 68.04; District of Columbia; District of Columbia,11,001,006804,2143,180,84,59,2143,424,181,59,59,115,2143,239,124,59,2143,84,102,2143,59,110,59,89,97,2143,130,97,51,293,27,239,51,293,36,28,19,30,11001006804
615,209,2913,386,Census Tract 69; District of Columbia; District of Columbia,11,001,006900,2913,189,108,386,2913,1406,279,386,386,334,2913,2104,119,386,2913,74,128,2913,386,243,365,36,27,2666,63,127,386,2890,108,188,386,2913,1392,177,269,120,11001006900
424,197,2462,448,Census Tract 70; District of Columbia; District of Columbia,11,001,007000,2462,426,132,448,2462,1207,298,448,448,326,2462,1763,197,448,2462,102,123,2462,448,250,376,24,19,2221,150,264,445,2132,142,187,448,2155,1057,195,234,110,11001007000
556,215,3485,684,Census Tract 71; District of Columbia; District of Columbia,11,001,007100,3485,311,108,684,3485,1604,336,684,684,223,3485,1256,322,684,3485,187,151,3485,684,287,691,146,168,3379,146,503,681,3451,584,1322,684,3485,1571,174,552,186,11001007100
105,163,2850,295,Census Tract 72.01; District of Columbia; District of Columbia,11,001,007201,2850,9,15,295,2850,1201,201,295,295,266,2850,1888,198,295,2850,113,98,2850,295,196,295,49,47,2850,141,113,308,2681,89,162,295,2850,2116,167,822,197,11001007201
92,97,5262,689,Census Tract 72.02; District of Columbia; District of Columbia,11,001,007202,5262,155,105,689,5262,2345,482,689,689,682,5262,4085,297,689,5262,169,105,5262,689,215,681,20,0,5205,209,352,707,5075,204,311,689,5262,3599,288,1366,306,11001007202
333,110,3305,400,Census Tract 72.03; District of Columbia; District of Columbia,11,001,007203,3305,222,103,400,3305,1810,264,400,400,330,3305,1876,173,400,3305,118,144,3305,400,246,339,68,35,3180,145,346,396,3198,205,549,400,3237,1920,205,717,208,11001007203
1809,365,4592,602,Census Tract 73.01; District of Columbia; District of Columbia,11,001,007301,4592,70,47,602,4592,2002,326,602,602,571,4592,2514,1008,602,4592,460,144,4592,602,259,541,84,104,3759,160,253,475,3271,477,978,600,4260,1333,238,10,17,11001007301
902,487,4383,711,Census Tract 73.04; District of Columbia; District of Columbia,11,001,007304,4383,743,199,711,4383,2306,391,711,711,204,4383,209,34,711,4383,38,93,4383,711,34,695,93,34,4281,301,1018,711,4195,632,1747,711,4195,2150,485,1197,505,11001007304
392,119,1458,302,Census Tract 74.01; District of Columbia; District of Columbia,11,001,007401,1458,293,153,302,1458,961,253,302,302,34,1458,29,18,302,1458,24,56,1458,302,59,273,45,48,1281,105,257,303,1456,247,853,315,1398,773,199,500,203,11001007401
1319,512,2779,728,Census Tract 74.03; District of Columbia; District of Columbia,11,001,007403,2779,90,66,728,2779,1415,353,728,728,23,2779,14,113,728,2779,179,138,2779,728,114,699,14,0,2572,185,398,728,2779,752,2475,728,2779,970,177,416,210,11001007403
1702,304,4304,648,Census Tract 74.04; District of Columbia; District of Columbia,11,001,007404,4304,93,50,648,4304,2435,465,648,648,33,4304,23,424,648,4304,376,52,4304,648,40,679,13,7,3937,215,565,648,4304,580,1284,648,4304,1379,222,465,174,11001007404
973,452,2803,610,Census Tract 74.06; District of Columbia; District of Columbia,11,001,007406,2803,22,31,610,2803,1939,408,610,610,14,2803,0,0,610,2803,14,14,2803,610,0,534,14,0,2579,137,286,606,2776,620,1374,610,2803,1268,204,547,205,11001007406
1195,519,3407,627,Census Tract 74.07; District of Columbia; District of Columbia,11,001,007407,3407,351,99,627,3407,1811,380,627,627,142,3407,198,93,627,3407,117,119,3407,627,197,565,114,131,3126,238,549,621,3379,672,1645,627,3407,1499,149,479,152,11001007407
1915,1106,4124,1379,Census Tract 74.08; District of Columbia; District of Columbia,11,001,007408,4124,322,140,1379,4124,2513,1021,1379,1379,53,4124,118,52,1379,4124,62,48,4124,1379,33,926,77,67,3424,393,673,1379,3940,1367,3120,1379,3940,1422,329,743,160,11001007408
863,555,3387,722,Census Tract 74.09; District of Columbia; District of Columbia,11,001,007409,3387,493,194,722,3387,2176,582,722,722,26,3387,16,0,722,3387,14,64,3387,722,60,588,14,0,3155,247,634,722,3387,807,2062,722,3387,1754,348,1042,345,11001007409
1809,607,4999,922,Census Tract 75.02; District of Columbia; District of Columbia,11,001,007502,4999,502,148,922,4999,2709,797,922,922,80,4999,56,0,922,4999,14,94,4999,922,115,819,14,0,4426,376,869,923,4624,833,2211,917,4568,1900,310,927,212,11001007502
796,486,2440,655,Census Tract 75.03; District of Columbia; District of Columbia,11,001,007503,2440,209,107,655,2440,1256,342,655,655,89,2440,149,123,655,2440,120,55,2440,655,68,575,51,31,2232,125,290,655,2440,266,850,655,2440,945,138,414,125,11001007503
742,423,2815,592,Census Tract 75.04; District of Columbia; District of Columbia,11,001,007504,2815,282,126,592,2815,1259,290,592,592,44,2815,38,70,592,2815,74,62,2815,592,55,495,62,38,2561,199,658,592,2815,557,1398,592,2815,1355,190,699,168,11001007504
1252,550,4949,901,Census Tract 76.01; District of Columbia; District of Columbia,11,001,007601,4949,588,162,901,4949,3282,708,901,901,97,4949,196,130,901,4949,132,249,4949,901,413,763,68,87,4524,214,633,896,4913,834,1971,896,4913,2073,331,583,286,11001007601
886,546,4281,866,Census Tract 76.03; District of Columbia; District of Columbia,11,001,007603,4281,604,207,866,4281,2343,626,866,866,103,4281,113,173,866,4281,246,69,4281,866,59,799,8,4,4079,223,616,866,4281,304,557,866,4281,2196,265,448,242,11001007603
491,277,3738,729,Census Tract 76.04; District of Columbia; District of Columbia,11,001,007604,3738,650,260,729,3738,2049,458,729,729,82,3738,261,177,729,3738,113,134,3738,729,266,719,114,124,3690,214,679,729,3738,552,1124,729,3738,1959,274,687,229,11001007604
696,279,3793,548,Census Tract 76.05; District of Columbia; District of Columbia,11,001,007605,3793,868,293,548,3793,2065,367,548,548,54,3793,72,15,548,3793,25,58,3793,548,79,540,35,24,3688,339,1032,548,3779,481,1253,548,3779,1978,389,914,320,11001007605
2517,422,7140,1051,Census Tract 77.03; District of Columbia; District of Columbia,11,001,007703,7140,624,159,1051,7140,3206,566,1051,1051,67,7140,51,2051,1051,7140,1095,587,7140,1051,983,1004,314,433,6381,349,765,1051,7140,1016,2499,1056,7109,2307,399,779,314,11001007703
1027,533,4345,869,Census Tract 77.07; District of Columbia; District of Columbia,11,001,007707,4345,611,202,869,4345,2061,470,869,869,50,4345,57,178,869,4345,150,168,4345,869,163,699,14,0,3884,247,856,869,4345,865,2020,869,4345,1836,312,694,244,11001007707
446,287,2444,535,Census Tract 77.08; District of Columbia; District of Columbia,11,001,007708,2444,442,296,535,2444,1252,366,535,535,5,2444,2,34,535,2444,55,57,2444,535,60,530,55,34,2420,253,701,531,2420,360,827,535,2444,1149,178,610,191,11001007708
581,225,2512,589,Census Tract 77.09; District of Columbia; District of Columbia,11,001,007709,2512,335,137,589,2512,1375,561,589,589,48,2512,54,128,589,2512,159,34,2512,589,24,545,14,0,2474,189,554,588,2500,640,1584,588,2500,1271,310,676,330,11001007709
1433,384,4968,857,Census Tract 78.03; District of Columbia; District of Columbia,11,001,007803,4968,898,698,857,4968,2590,510,857,857,57,4968,58,67,857,4968,75,110,4968,857,151,819,14,0,4465,512,1151,857,4957,937,2213,854,4922,2523,402,959,266,11001007803
1306,483,4078,887,Census Tract 78.04; District of Columbia; District of Columbia,11,001,007804,4078,649,125,887,4078,2314,694,887,887,132,4078,176,33,887,4078,41,294,4078,887,226,873,136,90,3876,278,731,886,3779,776,2080,886,3779,1589,380,610,182,11001007804
434,155,2361,446,Census Tract 78.06; District of Columbia; District of Columbia,11,001,007806,2361,486,159,446,2361,988,215,446,446,142,2361,173,17,446,2361,34,94,2361,446,132,417,75,58,2151,97,261,446,2358,353,759,446,2358,1163,193,453,225,11001007806
651,209,2477,604,Census Tract 78.07; District of Columbia; District of Columbia,11,001,007807,2477,277,66,604,2477,1312,297,604,604,48,2477,45,156,604,2477,159,96,2477,604,110,580,55,42,2317,115,426,604,2473,363,1145,604,2473,919,197,344,97,11001007807
1261,692,4105,1040,Census Tract 78.08; District of Columbia; District of Columbia,11,001,007808,4105,517,151,1040,4105,2118,557,1040,1040,31,4105,48,263,1040,4105,224,122,4105,1040,148,1028,31,23,4074,312,818,1041,4093,995,1715,1041,4093,1560,282,308,129,11001007808
931,356,3134,737,Census Tract 78.09; District of Columbia; District of Columbia,11,001,007809,3134,347,138,737,3134,1596,319,737,737,77,3134,108,302,737,3134,374,145,3134,737,175,588,64,41,2566,123,311,737,3132,429,915,737,3132,1192,156,326,201,11001007809
1296,435,4397,889,Census Tract 79.01; District of Columbia; District of Columbia,11,001,007901,4397,712,676,889,4397,2354,527,889,889,233,4397,944,578,889,4397,324,196,4397,889,471,824,54,52,3906,137,542,898,4317,550,1778,889,4397,1693,338,594,142,11001007901
329,151,1859,348,Census Tract 79.03; District of Columbia; District of Columbia,11,001,007903,1859,171,56,348,1859,973,222,348,348,96,1859,441,131,348,1859,74,71,1859,348,132,341,42,32,1764,86,209,348,1844,152,430,348,1859,786,101,200,68,11001007903
621,127,3058,415,Census Tract 80.01; District of Columbia; District of Columbia,11,001,008001,3058,115,60,415,3058,1225,178,415,415,369,3058,2198,259,415,3058,122,177,3058,415,322,397,44,44,2741,41,50,415,3048,91,149,415,3048,1441,274,147,65,11001008001
857,232,3286,398,Census Tract 80.02; District of Columbia; District of Columbia,11,001,008002,3286,313,51,398,3286,1694,239,398,398,359,3286,2178,223,398,3286,124,158,3286,398,264,411,28,24,2987,80,155,398,3266,175,383,398,3266,1424,148,168,70,11001008002
567,109,3183,448,Census Tract 81; District of Columbia; District of Columbia,11,001,008100,3183,208,50,448,3183,1690,380,448,448,444,3183,2641,287,448,3183,167,94,3183,448,220,466,19,13,3001,50,97,448,3172,58,97,448,3177,1544,254,247,80,11001008100
377,130,2805,388,Census Tract 82; District of Columbia; District of Columbia,11,001,008200,2805,338,94,388,2805,1522,270,388,388,312,2805,1974,212,388,2805,82,101,2805,388,232,299,13,12,2554,103,125,388,2793,117,201,386,2702,1512,199,661,187,11001008200
385,90,3077,309,Census Tract 83.01; District of Columbia; District of Columbia,11,001,008301,3077,272,103,309,3077,1449,150,309,309,295,3077,2231,391,309,3077,237,158,3077,309,406,313,23,15,2930,64,120,309,3077,110,233,309,2978,1627,172,472,118,11001008301
528,168,2871,489,Census Tract 83.02; District of Columbia; District of Columbia,11,001,008302,2871,291,54,489,2871,1458,257,489,489,445,2871,2202,380,489,2871,260,116,2871,489,224,495,32,39,2742,43,68,492,2695,83,122,489,2735,1309,188,301,99,11001008302
383,113,2557,325,Census Tract 84.02; District of Columbia; District of Columbia,11,001,008402,2557,195,54,325,2557,1579,262,325,325,299,2557,1587,284,325,2557,174,76,2557,325,134,337,22,14,2472,81,191,325,2552,125,259,325,2552,1423,201,457,135,11001008402
609,262,2138,429,Census Tract 84.10; District of Columbia; District of Columbia,11,001,008410,2138,89,48,429,2138,1116,197,429,429,249,2138,1001,352,429,2138,283,65,2138,429,114,362,18,12,1876,104,141,429,2138,140,191,429,2130,845,116,161,69,11001008410
194,80,2618,464,Census Tract 87.01; District of Columbia; District of Columbia,11,001,008701,2618,159,79,464,2618,1158,235,464,464,440,2618,1294,47,464,2618,38,127,2618,464,247,457,55,74,2511,90,144,465,2608,236,464,465,2596,1146,235,182,77,11001008701
437,168,3521,577,Census Tract 87.02; District of Columbia; District of Columbia,11,001,008702,3521,206,100,577,3521,1809,510,577,577,288,3521,1371,396,577,3521,308,113,3521,577,217,565,40,26,3288,104,231,579,3518,202,557,577,3521,2171,375,871,194,11001008702
874,254,4605,575,Census Tract 88.02; District of Columbia; District of Columbia,11,001,008802,4605,438,83,575,4605,2123,338,575,575,263,4605,1093,383,575,4605,301,243,4605,575,580,548,199,325,4326,138,348,575,4564,382,1418,567,4546,1962,196,526,148,11001008802
479,188,4473,568,Census Tract 88.03; District of Columbia; District of Columbia,11,001,008803,4473,174,151,568,4473,2242,353,568,568,233,4473,1291,434,568,4473,159,168,4473,568,406,564,113,161,4439,193,585,566,4385,323,1335,564,3910,2057,329,947,348,11001008803
262,230,2338,610,Census Tract 88.04; District of Columbia; District of Columbia,11,001,008804,2338,187,72,610,2338,1324,556,610,610,200,2338,425,325,610,2338,166,145,2338,610,233,559,72,78,2204,229,497,610,2338,401,766,610,2332,1505,502,537,172,11001008804
1047,624,3668,1086,Census Tract 89.03; District of Columbia; District of Columbia,11,001,008903,3668,243,121,1086,3668,1847,536,1086,1086,78,3668,191,83,1086,3668,84,117,3668,1086,103,964,9,4,3441,192,487,1086,3668,826,1847,1041,3485,1684,277,828,243,11001008903
709,386,3826,917,Census Tract 89.04; District of Columbia; District of Columbia,11,001,008904,3826,408,199,917,3826,2074,549,917,917,201,3826,441,284,917,3826,209,263,3826,917,420,859,104,81,3625,275,746,918,3806,655,1813,917,3826,1818,327,544,202,11001008904
495,151,3679,603,Census Tract 90; District of Columbia; District of Columbia,11,001,009000,3679,1106,330,603,3679,1928,295,603,603,146,3679,395,44,603,3679,60,79,3679,603,66,617,14,0,3568,311,954,603,3679,282,813,603,3679,2383,391,547,155,11001009000
1058,329,4352,677,Census Tract 91.02; District of Columbia; District of Columbia,11,001,009102,4352,451,140,677,4352,2480,496,677,677,377,4352,912,444,677,4352,386,312,4352,677,596,582,103,118,3796,208,616,677,4347,506,1384,676,4341,1923,235,686,192,11001009102
557,271,3058,411,Census Tract 92.01; District of Columbia; District of Columbia,11,001,009201,3058,218,137,411,3058,1441,222,411,411,268,3058,1660,332,411,3058,153,127,3058,411,336,381,85,102,2841,206,431,412,3035,236,685,409,2876,1289,119,330,116,11001009201
402,207,3320,728,Census Tract 92.03; District of Columbia; District of Columbia,11,001,009203,3320,408,212,728,3320,2081,510,728,728,273,3320,888,263,728,3320,192,261,3320,728,441,693,209,142,3078,224,362,728,3320,204,451,728,3320,1565,285,578,229,11001009203
1112,382,3388,554,Census Tract 92.04; District of Columbia; District of Columbia,11,001,009204,3388,491,182,554,3388,1879,412,554,554,166,3388,328,579,554,3388,301,346,3388,554,911,536,287,592,3011,251,655,554,3388,533,1641,554,3388,1621,196,788,165,11001009204
699,142,3388,516,Census Tract 93.01; District of Columbia; District of Columbia,11,001,009301,3388,342,81,516,3388,1601,288,516,516,441,3388,1380,114,516,3388,105,191,3388,516,306,505,127,84,3215,89,171,517,3382,158,408,516,3388,1417,342,84,65,11001009301
212,136,1821,306,Census Tract 93.02; District of Columbia; District of Columbia,11,001,009302,1821,45,29,306,1821,779,184,306,306,139,1821,685,298,306,1821,231,152,1821,306,256,275,46,43,1664,81,99,306,1821,189,389,306,1821,996,164,284,114,11001009302
1172,295,4966,730,Census Tract 94; District of Columbia; District of Columbia,11,001,009400,4966,831,172,730,4966,2533,359,730,730,611,4966,1186,263,730,4966,169,111,4966,730,232,570,106,115,4564,222,517,730,4966,372,652,728,4946,1849,241,257,156,11001009400
1086,420,3438,697,Census Tract 95.03; District of Columbia; District of Columbia,11,001,009503,3438,584,149,697,3438,1755,402,697,697,265,3438,845,258,697,3438,174,216,3438,697,313,663,417,403,3142,157,299,698,3405,588,935,697,3409,1202,176,31,28,11001009503
288,133,3037,365,Census Tract 95.04; District of Columbia; District of Columbia,11,001,009504,3037,940,197,365,3037,1664,298,365,365,227,3037,1014,183,365,3037,142,316,3037,365,615,357,191,316,2905,144,436,365,2814,299,665,365,2810,1214,155,166,85,11001009504
974,278,4407,548,Census Tract 95.05; District of Columbia; District of Columbia,11,001,009505,4407,533,108,548,4407,2590,436,548,548,172,4407,493,157,548,4407,106,204,4407,548,366,531,89,127,4319,166,604,549,4392,201,428,549,4392,1871,372,300,167,11001009505
417,100,1636,316,Census Tract 95.07; District of Columbia; District of Columbia,11,001,009507,1636,346,72,316,1636,929,204,316,316,70,1636,156,288,316,1636,93,221,1636,316,329,320,213,274,1487,63,220,316,1636,287,626,316,1636,587,137,99,52,11001009507
959,439,3910,975,Census Tract 95.08; District of Columbia; District of Columbia,11,001,009508,3910,672,215,975,3910,2360,949,975,975,130,3910,164,334,975,3910,121,163,3910,975,345,959,152,304,3763,259,744,975,3910,274,948,974,3897,1880,250,579,203,11001009508
705,230,3274,529,Census Tract 95.09; District of Columbia; District of Columbia,11,001,009509,3274,545,100,529,3274,1893,298,529,529,250,3274,722,399,529,3274,200,180,3274,529,253,458,48,44,2899,124,425,529,3274,89,134,529,3274,1388,189,263,126,11001009509
1462,415,4788,827,Census Tract 95.10; District of Columbia; District of Columbia,11,001,009510,4788,572,336,827,4788,2345,547,827,827,221,4788,276,1706,827,4788,574,315,4788,827,1464,769,255,872,4390,229,497,830,4786,562,2618,827,4788,1925,225,493,123,11001009510
13,13,1426,58,Census Tract 95.11; District of Columbia; District of Columbia,11,001,009511,1426,107,103,58,1426,766,196,58,58,154,1426,924,203,58,1426,92,106,1426,58,155,58,75,54,1426,59,91,58,1378,7,122,7,122,0,14,0,14,11001009511
727,248,2218,464,Census Tract 96.01; District of Columbia; District of Columbia,11,001,009601,2218,265,97,464,2218,1376,316,464,464,126,2218,113,73,464,2218,79,80,2218,464,102,439,38,26,2079,135,358,464,2212,397,851,464,2212,843,153,291,154,11001009601
1997,474,5527,590,Census Tract 96.02; District of Columbia; District of Columbia,11,001,009602,5527,438,126,590,5527,3345,414,590,590,83,5527,74,290,590,5527,260,314,5527,590,437,469,40,30,4957,279,882,590,5527,662,3659,578,5496,2233,244,1242,252,11001009602
878,404,4219,720,Census Tract 96.03; District of Columbia; District of Columbia,11,001,009603,4219,760,281,720,4219,2294,493,720,720,14,4219,0,124,720,4219,116,209,4219,720,375,718,54,57,4173,270,850,720,4219,567,1849,720,4219,1981,211,707,214,11001009603
376,306,1912,584,Census Tract 96.04; District of Columbia; District of Columbia,11,001,009604,1912,374,45,584,1912,1195,370,584,584,46,1912,83,101,584,1912,68,84,1912,584,166,393,41,60,1743,137,300,582,1885,216,468,584,1912,856,76,228,73,11001009604
596,350,3232,747,Census Tract 97; District of Columbia; District of Columbia,11,001,009700,3232,869,400,747,3232,1646,507,747,747,54,3232,45,0,747,3232,14,328,3232,747,288,660,24,15,2969,363,663,747,3232,478,1225,747,3232,1791,546,431,175,11001009700
616,145,2075,435,Census Tract 98.01; District of Columbia; District of Columbia,11,001,009801,2075,592,319,435,2075,1449,378,435,435,52,2075,71,42,435,2075,42,14,2075,435,11,393,14,11,1872,349,805,435,2075,397,1109,435,2075,1107,326,564,317,11001009801
751,315,2113,531,Census Tract 98.02; District of Columbia; District of Columbia,11,001,009802,2113,374,228,531,2113,1091,225,531,531,19,2113,17,0,531,2113,14,40,2113,531,38,410,18,12,1910,268,543,533,2099,377,1136,531,2113,862,227,475,225,11001009802
691,384,2892,610,Census Tract 98.03; District of Columbia; District of Columbia,11,001,009803,2892,400,97,610,2892,1362,355,610,610,54,2892,88,221,610,2892,296,238,2892,610,266,543,62,49,2760,342,603,609,2824,391,1134,548,2696,1363,325,534,330,11001009803
869,372,2643,629,Census Tract 98.04; District of Columbia; District of Columbia,11,001,009804,2643,90,54,629,2643,1834,487,629,629,121,2643,133,345,629,2643,235,147,2643,629,195,538,97,92,2396,147,478,629,2643,515,1205,629,2643,966,134,335,115,11001009804
587,419,3322,750,Census Tract 98.07; District of Columbia; District of Columbia,11,001,009807,3322,542,163,750,3322,1405,302,750,750,68,3322,55,156,750,3322,208,152,3322,750,161,558,123,81,3032,269,596,752,3211,306,958,750,3250,1736,318,825,342,11001009807
490,244,1918,406,Census Tract 98.10; District of Columbia; District of Columbia,11,001,009810,1918,168,60,406,1918,1057,342,406,406,61,1918,42,42,406,1918,61,126,1918,406,107,406,60,39,1918,143,327,406,1918,462,1038,406,1918,1132,184,648,176,11001009810
1233,525,4225,1030,Census Tract 98.11; District of Columbia; District of Columbia,11,001,009811,4225,409,153,1030,4225,2668,741,1030,1030,98,4225,69,34,1030,4225,86,92,4225,1030,67,1028,86,41,4052,255,821,1030,4225,1075,2302,1030,4225,1789,295,820,245,11001009811
284,88,2107,331,Census Tract 99.01; District of Columbia; District of Columbia,11,001,009901,2107,621,243,331,2107,1164,238,331,331,95,2107,183,15,331,2107,18,36,2107,331,35,326,15,9,1957,160,406,331,2102,164,285,331,2107,947,156,156,107,11001009901
341,226,2742,844,Census Tract 99.02; District of Columbia; District of Columbia,11,001,009902,2742,456,142,844,2742,1552,480,844,844,174,2742,223,156,844,2742,174,43,2742,844,24,813,13,10,2498,147,395,844,2736,257,449,844,2736,1245,312,270,121,11001009902
536,96,2156,489,Census Tract 99.03; District of Columbia; District of Columbia,11,001,009903,2156,221,42,489,2156,1110,229,489,489,239,2156,166,73,489,2156,97,118,2156,489,106,458,72,56,1923,255,298,489,2156,407,531,493,2142,672,103,110,53,11001009903
1248,540,3632,792,Census Tract 99.04; District of Columbia; District of Columbia,11,001,009904,3632,233,120,792,3632,1943,478,792,792,87,3632,96,494,792,3632,450,205,3632,792,243,591,99,111,3276,234,539,793,3623,618,1561,793,3623,1381,187,357,127,11001009904
1063,431,3182,675,Census Tract 99.05; District of Columbia; District of Columbia,11,001,009905,3182,313,77,675,3182,1883,496,675,675,60,3182,54,0,675,3182,14,60,3182,675,60,630,14,0,2900,185,585,675,3166,477,1083,675,3166,1271,230,449,162,11001009905
346,117,1615,318,Census Tract 99.06; District of Columbia; District of Columbia,11,001,009906,1615,328,286,318,1615,1055,191,318,318,52,1615,82,17,318,1615,27,30,1615,318,34,297,49,42,1447,94,197,318,1615,176,385,318,1615,750,140,325,93,11001009906
560,500,2099,646,Census Tract 99.07; District of Columbia; District of Columbia,11,001,009907,2099,192,48,646,2099,999,227,646,646,33,2099,28,195,646,2099,252,10,2099,646,5,646,36,36,2001,102,261,646,2086,535,985,646,2086,873,129,425,178,11001009907
62,30,2659,414,Census Tract 101; District of Columbia; District of Columbia,11,001,010100,2659,248,57,414,2659,1349,246,414,414,448,2659,1626,341,414,2659,158,201,2659,414,611,416,72,123,2629,71,199,414,2631,137,328,414,2598,1866,226,1225,232,11001010100
332,244,2946,440,Census Tract 102.01; District of Columbia; District of Columbia,11,001,010201,2946,323,128,440,2946,1201,235,440,440,282,2946,1243,170,440,2946,105,132,2946,440,269,440,64,59,2889,90,188,440,2946,130,325,440,2946,2074,217,1046,247,11001010201
265,170,2542,454,Census Tract 102.02; District of Columbia; District of Columbia,11,001,010202,2542,353,148,454,2542,1366,414,454,454,280,2542,1307,218,454,2542,140,166,2542,454,444,348,56,70,2325,139,276,460,2494,412,641,452,2528,1631,263,607,208,11001010202
1037,211,4344,539,Census Tract 103; District of Columbia; District of Columbia,11,001,010300,4344,585,170,539,4344,2352,352,539,539,192,4344,969,877,539,4344,356,242,4344,539,892,542,287,668,3978,144,459,539,4323,336,748,539,4323,1804,234,515,237,11001010300
434,294,4389,919,Census Tract 104; District of Columbia; District of Columbia,11,001,010400,4389,520,173,919,4389,2139,726,919,919,360,4389,408,92,919,4389,83,58,4389,919,49,893,55,40,4246,203,589,918,4215,438,1540,913,4195,2254,825,949,563,11001010400
354,208,3844,583,Census Tract 105; District of Columbia; District of Columbia,11,001,010500,3844,361,102,583,3844,2072,346,583,583,532,3844,1881,374,583,3844,184,200,3844,583,459,563,92,98,3708,173,360,581,3827,376,1115,583,3844,2356,302,942,266,11001010500
44,69,1928,357,Census Tract 106.01; District of Columbia; District of Columbia,11,001,010601,1928,2,11,357,1928,1095,239,357,357,326,1928,1127,158,357,1928,100,116,1928,357,189,333,67,73,1884,80,119,357,1914,142,356,357,1928,1307,227,711,119,11001010601
1137,314,7269,709,Census Tract 106.02; District of Columbia; District of Columbia,11,001,010602,7269,442,264,709,7269,4042,453,709,709,689,7269,3936,447,709,7269,271,208,7269,709,597,718,38,44,6798,329,733,710,7256,467,1059,709,7218,3470,286,1037,300,11001010602
2,3,2562,591,Census Tract 106.03; District of Columbia; District of Columbia,11,001,010603,2562,63,56,591,2562,1615,566,591,591,578,2562,1919,248,591,2562,129,120,2562,591,226,591,14,0,2560,98,232,591,2562,85,188,591,2562,1841,392,1123,422,11001010603
43,18,1648,330,Census Tract 107; District of Columbia; District of Columbia,11,001,010700,1648,110,71,330,1648,975,358,330,330,327,1648,1179,229,330,1648,121,108,1648,330,254,329,44,63,1609,28,25,330,1648,120,331,330,1554,1252,340,1020,348,11001010700
54,35,4731,272,Census Tract 108; District of Columbia; District of Columbia,11,001,010800,4731,34,29,272,4731,2735,208,272,272,217,4731,2766,634,272,4731,133,270,4731,272,974,272,73,220,4727,124,315,272,4731,181,615,269,1206,977,166,888,164,11001010800
918,535,3355,781,Census Tract 109; District of Columbia; District of Columbia,11,001,010900,3355,118,63,781,3355,1454,419,781,781,85,3355,84,7,781,3355,15,111,3355,781,175,626,59,77,2952,281,502,781,3355,740,2220,781,3355,1353,129,544,206,11001010900
440,166,2763,554,Census Tract 110.01; District of Columbia; District of Columbia,11,001,011001,2763,420,141,554,2763,1531,371,554,554,548,2763,1525,654,554,2763,523,61,2763,554,60,540,369,317,2541,94,127,563,2709,261,578,554,2763,1449,242,468,182,11001011001
40,7,1512,192,Census Tract 110.02; District of Columbia; District of Columbia,11,001,011002,1512,436,110,192,1512,818,147,192,192,211,1512,995,17,192,1512,17,82,1512,192,250,194,21,16,1472,108,195,193,1479,98,161,193,1479,1127,143,397,120,11001011002
1071,354,4985,754,Census Tract 111; District of Columbia; District of Columbia,11,001,011100,4985,828,137,754,4985,2361,433,754,754,155,4985,609,724,754,4985,420,193,4985,754,520,687,100,188,4582,475,917,754,4765,592,1463,754,4765,1855,419,700,448,11001011100
0,14,17,25,Census Tract 9800; District of Columbia; District of Columbia,11,001,980000,17,0,14,25,17,0,14,25,25,25,17,17,0,25,17,14,14,17,25,0,25,14,0,17,14,0,25,17,14,0,25,17,5,8,0,14,11001980000
