F_est_moe,F_est,LI_uni_moe,LEP_uni,LEP_est,LI_est,OA_est,LI_est_moe,LEP_uni_moe,F_uni,OA_est_moe,F_uni_moe,LI_uni,D_est_moe,D_uni,D_est,LEP_est_moe,D_uni_moe,NAME,state,county,tract,EM_uni,FB_uni_moe,Y_est_moe,Y_est,FB_est,NC_est_moe,RM_est_moe,RM_est,NC_uni_moe,Y_uni,RM_uni,FB_uni,Y_uni_moe,NC_est,RM_uni_moe,EM_uni_moe,FB_est_moe,NC_uni,EM_est,EM_est_moe,GEOID
166,678,205,1083,33,73,373,48,187,1181,115,205,1181,28,1181,30,40,205,Census Tract 1.01; District of Columbia; District of Columbia,11,001,000101,1181,205,43,115,161,115,194,888,128,1181,1181,1181,205,311,205,205,77,803,90,89,11001000101
313,1618,396,2921,159,233,951,168,385,3056,232,396,3056,130,3056,244,116,396,Census Tract 1.02; District of Columbia; District of Columbia,11,001,000102,3056,396,114,277,689,156,375,2590,325,3056,3056,3056,396,517,396,396,287,1830,405,233,11001000102
125,1705,5,2835,33,64,0,5,45,2835,14,45,64,74,2835,163,28,45,Census Tract 2.01; District of Columbia; District of Columbia,11,001,000201,2835,45,24,18,317,14,176,1685,14,2835,2835,2835,45,0,45,45,102,0,381,107,11001000201
369,2115,481,3886,103,541,731,204,475,3964,192,481,3246,103,3946,231,73,480,Census Tract 2.02; District of Columbia; District of Columbia,11,001,000202,3964,481,59,233,792,329,491,3168,355,3964,3964,3964,481,623,481,481,239,1832,384,168,11001000202
426,2975,709,5238,182,609,679,229,653,5669,184,709,5669,83,5669,141,114,709,Census Tract 3; District of Columbia; District of Columbia,11,001,000300,5669,709,264,1295,1413,128,671,4033,274,5669,5669,5669,709,241,709,709,406,2430,816,429,11001000300
255,897,318,1635,123,302,354,120,313,1715,93,318,1715,97,1715,202,91,318,Census Tract 4; District of Columbia; District of Columbia,11,001,000400,1715,318,158,323,427,63,147,1040,75,1715,1715,1715,318,142,318,318,168,698,279,160,11001000400
385,1953,532,3363,126,482,604,294,499,3490,160,532,3475,117,3490,232,111,532,Census Tract 5.01; District of Columbia; District of Columbia,11,001,000501,3490,532,119,323,661,328,326,2165,339,3490,3490,3490,532,973,532,532,253,2220,366,190,11001000501
370,2018,529,3103,73,339,477,191,502,3448,80,529,3448,93,3448,217,67,529,Census Tract 5.02; District of Columbia; District of Columbia,11,001,000502,3448,529,258,793,346,80,490,2510,216,3448,3448,3448,529,326,529,529,107,1739,491,181,11001000502
391,2558,518,4203,97,219,934,123,472,4367,131,517,4246,129,4258,319,98,517,Census Tract 6; District of Columbia; District of Columbia,11,001,000600,4367,517,173,940,526,157,445,3656,249,4367,4367,4367,517,581,517,517,220,2160,343,147,11001000600
387,1775,539,3180,132,654,631,282,530,3239,242,539,3239,198,3239,330,80,539,Census Tract 7.02; District of Columbia; District of Columbia,11,001,000702,3239,539,188,320,646,168,298,1813,331,3239,3239,3239,539,641,539,539,221,2182,310,237,11001000702
288,1525,430,2729,83,132,1365,108,426,2764,286,430,2764,157,2764,490,69,430,Census Tract 7.03; District of Columbia; District of Columbia,11,001,000703,2764,430,89,118,709,199,361,1919,261,2764,2764,2764,430,449,430,430,265,1878,371,271,11001000703
300,1365,371,2311,99,207,439,102,375,2404,130,371,2404,70,2394,174,86,369,Census Tract 7.04; District of Columbia; District of Columbia,11,001,000704,2404,371,106,286,909,154,418,1777,230,2404,2404,2404,371,401,371,371,298,1458,286,162,11001000704
249,1498,433,2974,208,463,749,240,431,3136,340,433,3136,208,3136,295,162,433,Census Tract 8.02; District of Columbia; District of Columbia,11,001,000802,3136,433,115,569,1049,99,343,2123,183,3136,3136,3136,433,249,433,433,403,1458,320,245,11001000802
259,1554,388,2396,223,472,734,296,362,2521,166,388,2325,111,2521,261,196,388,Census Tract 8.03; District of Columbia; District of Columbia,11,001,000803,2521,388,128,400,746,102,274,1846,143,2521,2521,2521,388,224,388,388,353,1284,213,143,11001000803
382,1763,622,3343,69,133,542,81,609,3532,129,623,3126,74,3509,165,38,620,Census Tract 8.04; District of Columbia; District of Columbia,11,001,000804,3532,623,367,955,578,52,651,2973,180,3532,3532,3532,623,58,623,623,185,1229,111,87,11001000804
217,1121,381,2018,57,193,510,158,371,2134,85,381,2134,67,2134,139,41,381,Census Tract 9.02; District of Columbia; District of Columbia,11,001,000902,2134,381,138,576,237,35,359,1708,122,2134,2134,2134,381,38,381,381,84,850,182,99,11001000902
224,1815,200,3129,79,131,231,100,191,3201,67,209,1106,93,3201,214,43,209,Census Tract 9.03; District of Columbia; District of Columbia,11,001,000903,3201,209,72,269,480,14,242,2547,61,3201,3201,3201,209,0,209,209,147,382,292,144,11001000903
350,1650,447,3077,151,239,905,175,407,3250,161,447,3250,102,3250,258,165,447,Census Tract 9.04; District of Columbia; District of Columbia,11,001,000904,3250,447,120,854,738,80,387,2383,117,3250,3250,3250,447,175,447,447,298,1191,275,169,11001000904
343,1716,564,3196,231,534,377,289,512,3348,129,564,3348,69,3348,96,179,564,Census Tract 10.02; District of Columbia; District of Columbia,11,001,001002,3348,564,262,520,519,155,543,2742,273,3348,3348,3348,564,487,564,564,250,1962,155,131,11001001002
205,1319,420,2716,185,230,530,192,464,2895,69,526,2818,54,2866,100,224,522,Census Tract 10.03; District of Columbia; District of Columbia,11,001,001003,2895,526,261,909,541,25,533,2336,138,2895,2895,2895,526,19,526,526,225,1050,219,157,11001001003
326,2143,448,3800,94,588,818,245,414,3959,137,448,3807,154,3952,386,66,445,Census Tract 10.04; District of Columbia; District of Columbia,11,001,001004,3959,448,196,997,524,143,394,3102,154,3959,3959,3959,448,298,448,448,184,1550,279,191,11001001004
429,2438,634,4378,181,505,1149,294,624,4508,212,634,4388,204,4444,388,117,634,Census Tract 11; District of Columbia; District of Columbia,11,001,001100,4508,634,175,764,785,288,462,3046,389,4508,4508,4508,634,571,634,634,217,2070,257,156,11001001100
355,2429,611,4522,122,581,1047,229,597,4711,365,611,4711,208,4711,481,102,611,Census Tract 12; District of Columbia; District of Columbia,11,001,001200,4711,611,104,741,1115,199,576,3518,321,4711,4711,4711,611,757,611,611,454,2460,368,232,11001001200
355,2410,514,3828,96,490,874,214,503,3965,298,513,3868,122,3914,201,77,513,Census Tract 13.01; District of Columbia; District of Columbia,11,001,001301,3965,513,148,560,497,279,418,2698,279,3965,3965,3965,513,619,513,513,242,2090,377,259,11001001301
380,2079,523,3384,61,630,764,285,510,3537,172,523,3537,125,3537,251,72,523,Census Tract 13.03; District of Columbia; District of Columbia,11,001,001303,3537,523,106,259,601,265,396,2472,256,3537,3537,3537,523,862,523,523,305,2258,432,204,11001001303
418,2018,640,4068,87,286,693,172,642,4083,221,640,4083,256,4083,389,138,640,Census Tract 13.04; District of Columbia; District of Columbia,11,001,001304,4083,640,73,122,654,269,527,2840,391,4083,4083,4083,640,785,640,640,259,2800,504,201,11001001304
273,1579,462,2978,158,185,567,94,360,3324,62,462,3324,49,3324,113,105,462,Census Tract 14.01; District of Columbia; District of Columbia,11,001,001401,3324,462,173,885,697,120,223,2104,156,3324,3324,3324,462,306,462,462,354,1351,523,215,11001001401
274,1813,468,3215,41,184,1060,94,380,3488,181,468,3446,103,3446,360,37,468,Census Tract 14.02; District of Columbia; District of Columbia,11,001,001402,3488,468,241,844,504,110,434,2371,182,3488,3488,3488,468,335,468,468,135,1654,340,186,11001001402
552,3020,792,5200,414,98,1500,74,772,5619,312,792,5453,154,5453,248,366,792,Census Tract 15; District of Columbia; District of Columbia,11,001,001500,5619,792,229,1500,632,57,668,3962,291,5619,5619,5619,792,77,792,792,389,2072,605,531,11001001500
386,2479,624,4715,132,250,1166,114,568,5071,187,620,4993,195,5067,560,97,620,Census Tract 16; District of Columbia; District of Columbia,11,001,001600,5071,620,289,1443,648,17,172,1145,205,5071,5071,5071,620,18,620,620,361,1789,448,281,11001001600
386,1969,473,3189,54,203,504,97,450,3387,84,474,3374,86,3372,197,63,473,Census Tract 17.02; District of Columbia; District of Columbia,11,001,001702,3387,474,209,642,226,110,302,1505,217,3387,3387,3387,474,284,474,474,104,1625,279,164,11001001702
449,2156,610,3692,1206,1733,528,581,554,3795,168,610,3795,296,3795,635,411,610,Census Tract 18.03; District of Columbia; District of Columbia,11,001,001803,3795,610,253,965,1427,226,160,356,219,3795,3795,3795,610,640,610,610,493,1683,1243,642,11001001803
666,3264,903,5253,1465,1885,754,794,837,5428,271,903,5428,291,5428,805,480,903,Census Tract 18.04; District of Columbia; District of Columbia,11,001,001804,5428,903,544,1705,1983,286,114,135,252,5428,5428,5428,903,687,903,903,609,1997,2072,688,11001001804
441,2408,945,4255,514,967,741,829,980,4581,365,945,4581,98,4581,233,311,945,Census Tract 19.01; District of Columbia; District of Columbia,11,001,001901,4581,945,467,1352,704,99,205,1162,389,4581,4581,4581,945,185,945,945,253,1658,907,377,11001001901
182,1174,252,2037,173,419,300,204,220,2212,61,252,2212,69,2212,208,73,252,Census Tract 19.02; District of Columbia; District of Columbia,11,001,001902,2212,252,103,528,347,71,191,545,86,2212,2212,2212,252,114,252,252,134,827,335,148,11001001902
446,1486,806,2759,1116,1230,309,821,694,2983,96,805,2979,233,2980,532,570,805,Census Tract 20.01; District of Columbia; District of Columbia,11,001,002001,2983,805,556,763,1305,128,158,498,254,2983,2983,2983,805,298,805,805,486,1125,1313,677,11001002001
418,2054,594,3861,308,678,498,292,568,4106,120,589,4051,129,4087,345,247,590,Census Tract 20.02; District of Columbia; District of Columbia,11,001,002002,4106,589,223,821,784,130,355,1317,337,4106,4106,4106,589,274,589,589,305,1512,770,478,11001002002
715,3062,1121,5254,659,1258,719,700,1067,5946,163,1121,5946,209,5946,636,315,1121,Census Tract 21.01; District of Columbia; District of Columbia,11,001,002101,5946,1121,587,1789,1392,214,383,1024,339,5946,5946,5946,1121,737,1121,1121,549,2513,1554,1001,11001002101
386,2860,642,4714,278,941,531,371,646,5043,232,646,5029,168,5036,430,212,646,Census Tract 21.02; District of Columbia; District of Columbia,11,001,002102,5043,646,244,1227,689,240,227,785,354,5043,5043,5043,646,533,646,646,294,2342,1411,491,11001002102
332,1416,571,2979,438,194,400,142,617,3238,83,671,3065,72,3225,203,289,672,Census Tract 22.01; District of Columbia; District of Columbia,11,001,002201,3238,671,350,849,754,54,256,1553,109,3238,3238,3238,671,100,671,671,436,986,901,589,11001002201
540,1830,748,2821,248,792,391,616,599,3228,125,748,3228,185,3228,515,186,748,Census Tract 22.02; District of Columbia; District of Columbia,11,001,002202,3228,748,445,930,584,156,352,913,227,3228,3228,3228,748,268,748,748,325,1267,544,382,11001002202
325,1756,497,2840,235,681,305,303,475,3170,116,497,3170,117,3170,236,121,497,Census Tract 23.01; District of Columbia; District of Columbia,11,001,002301,3170,497,221,765,621,58,202,802,191,3170,3170,3170,497,92,497,497,254,1202,600,242,11001002301
155,487,180,1508,15,155,582,86,191,1538,192,182,1381,135,1381,270,29,180,Census Tract 23.02; District of Columbia; District of Columbia,11,001,002302,1538,182,24,218,171,170,188,517,174,1538,1538,1538,182,433,182,182,61,837,88,107,11001002302
223,1805,448,3544,485,620,475,321,443,3735,127,448,3712,115,3701,270,367,446,Census Tract 24; District of Columbia; District of Columbia,11,001,002400,3735,448,129,547,809,99,362,1570,164,3735,3735,3735,448,196,448,448,363,1510,903,443,11001002400
389,1303,795,2602,334,177,249,123,620,2860,54,795,2857,59,2848,138,413,796,Census Tract 25.01; District of Columbia; District of Columbia,11,001,002501,2860,795,284,696,651,69,391,1049,269,2860,2860,2860,795,156,795,795,466,1060,484,529,11001002501
246,1330,585,2753,117,242,211,94,588,2909,64,585,2909,104,2909,231,86,585,Census Tract 25.03; District of Columbia; District of Columbia,11,001,002503,2909,585,149,259,574,556,240,971,549,2909,2909,2909,585,852,585,585,257,1705,554,234,11001002503
333,1327,538,2973,485,705,420,384,534,3132,133,535,3117,314,3126,395,250,538,Census Tract 25.04; District of Columbia; District of Columbia,11,001,002504,3132,535,249,521,670,120,414,1133,301,3132,3132,3132,535,342,535,535,245,1475,1030,446,11001002504
241,1317,430,2324,276,181,542,122,398,2578,117,430,2576,130,2578,265,214,430,Census Tract 26; District of Columbia; District of Columbia,11,001,002600,2578,430,129,682,445,63,112,906,85,2578,2578,2578,430,157,430,430,220,895,383,306,11001002600
467,2721,676,5082,626,618,604,271,670,5578,152,711,5478,169,5578,435,293,711,Census Tract 27.02; District of Columbia; District of Columbia,11,001,002702,5578,711,248,1238,1095,197,649,3325,186,5578,5578,5578,711,744,711,711,318,2397,1271,507,11001002702
222,1099,379,2223,208,162,317,93,330,2312,79,379,2192,97,2192,219,141,379,Census Tract 27.03; District of Columbia; District of Columbia,11,001,002703,2312,379,117,292,539,107,294,1191,125,2312,2312,2312,379,405,379,379,186,1109,380,243,11001002703
342,1271,608,2874,393,357,103,175,601,2971,92,608,2971,150,2971,268,196,608,Census Tract 27.04; District of Columbia; District of Columbia,11,001,002704,2971,608,147,427,890,265,444,1469,340,2971,2971,2971,608,769,608,608,349,1625,912,318,11001002704
340,1980,559,3399,673,1057,214,479,485,3877,81,559,3877,107,3858,198,409,563,Census Tract 28.01; District of Columbia; District of Columbia,11,001,002801,3877,559,332,899,1048,247,429,1424,230,3877,3877,3877,559,877,559,559,331,1826,1341,608,11001002801
424,2893,487,4481,902,2119,522,658,577,4951,222,487,4945,258,4924,650,468,500,Census Tract 28.02; District of Columbia; District of Columbia,11,001,002802,4951,487,307,1128,1758,347,816,1911,284,4951,4951,4951,487,1790,487,487,616,2705,2280,411,11001002802
442,2160,852,4129,553,1122,398,642,614,4608,260,852,4597,341,4558,540,293,827,Census Tract 29; District of Columbia; District of Columbia,11,001,002900,4608,852,627,1136,686,148,357,1795,199,4608,4608,4608,852,529,852,852,158,1687,1152,328,11001002900
372,1774,481,3259,501,1110,230,407,468,3535,66,483,3524,164,3535,354,308,483,Census Tract 30; District of Columbia; District of Columbia,11,001,003000,3535,483,146,666,728,251,233,1113,234,3535,3535,3535,483,830,483,483,316,1622,779,331,11001003000
308,1964,438,3297,300,424,212,222,408,3529,99,448,3476,130,3522,283,118,448,Census Tract 31; District of Columbia; District of Columbia,11,001,003100,3529,448,230,458,703,218,393,1881,257,3529,3529,3529,448,685,448,448,209,1917,860,312,11001003100
543,2093,1012,3802,541,1323,396,968,982,4132,198,1012,4124,228,4124,352,436,1012,Census Tract 32; District of Columbia; District of Columbia,11,001,003200,4132,1012,683,978,895,199,483,1771,251,4132,4132,4132,1012,528,1012,1012,443,1652,891,486,11001003200
300,1546,502,3310,8,302,227,132,482,3525,56,502,3525,128,3513,230,17,501,Census Tract 33.01; District of Columbia; District of Columbia,11,001,003301,3525,502,114,284,545,95,346,1884,307,3525,3525,3525,502,237,502,502,181,1762,250,126,11001003301
361,1153,372,2060,34,242,144,92,230,2236,36,371,2224,52,2206,132,46,379,Census Tract 33.02; District of Columbia; District of Columbia,11,001,003302,2236,371,253,341,220,82,165,1067,90,2236,2236,2236,371,201,371,371,121,1002,104,60,11001003302
501,2528,505,3987,57,715,230,310,511,4044,96,518,2381,173,4044,480,55,518,Census Tract 34; District of Columbia; District of Columbia,11,001,003400,4044,518,89,254,454,180,284,1194,193,4044,4044,4044,518,642,518,518,145,1222,429,247,11001003400
282,2201,444,4429,72,665,136,326,441,4498,69,451,3164,123,4498,289,69,451,Census Tract 35; District of Columbia; District of Columbia,11,001,003500,4498,451,140,175,465,203,353,1626,230,4498,4498,4498,451,785,451,451,140,1907,293,122,11001003500
426,2257,628,4438,142,1010,364,248,628,4500,169,629,4491,163,4474,438,118,628,Census Tract 36; District of Columbia; District of Columbia,11,001,003600,4500,629,120,446,578,234,492,2537,178,4500,4500,4500,629,1056,629,629,234,2248,479,222,11001003600
149,1175,229,2135,378,215,219,146,229,2195,100,229,2195,75,2195,132,128,229,Census Tract 37.01; District of Columbia; District of Columbia,11,001,003701,2195,229,115,246,652,146,161,1085,88,2195,2195,2195,229,487,229,229,156,1335,739,211,11001003701
765,1702,796,2436,101,1298,127,816,461,2815,47,796,2815,79,2803,118,70,796,Census Tract 37.02; District of Columbia; District of Columbia,11,001,003702,2815,796,398,483,589,183,271,1428,267,2815,2815,2815,796,715,796,796,430,1514,319,187,11001003702
155,866,201,1461,28,80,117,71,202,1514,64,201,1514,47,1514,44,29,201,Census Tract 38.01; District of Columbia; District of Columbia,11,001,003801,1514,201,6,72,180,125,202,1245,156,1514,1514,1514,201,346,201,201,78,997,139,81,11001003801
298,1604,510,3500,77,551,281,182,494,3607,175,510,3607,194,3607,316,74,510,Census Tract 38.02; District of Columbia; District of Columbia,11,001,003802,3607,510,97,223,888,222,350,1988,234,3607,3607,3607,510,1046,510,510,347,2105,674,390,11001003802
525,1612,568,2423,39,213,227,90,559,2729,118,568,2729,66,2729,126,60,568,Census Tract 39.01; District of Columbia; District of Columbia,11,001,003901,2729,568,133,339,334,159,220,1418,517,2729,2729,2729,568,636,568,568,126,1724,586,267,11001003901
171,804,346,1754,170,129,217,101,343,1774,125,346,1774,59,1765,100,132,346,Census Tract 39.02; District of Columbia; District of Columbia,11,001,003902,1774,346,134,325,306,139,241,994,166,1774,1774,1774,346,354,346,346,214,1016,328,165,11001003902
383,2134,502,3745,40,387,499,241,496,3971,116,502,3971,138,3971,311,50,502,Census Tract 40.01; District of Columbia; District of Columbia,11,001,004001,3971,502,196,407,365,275,497,2754,417,3971,3971,3971,502,821,502,502,124,2409,416,290,11001004001
396,1595,533,3168,130,197,445,105,538,3291,318,557,3185,85,3291,157,108,557,Census Tract 40.02; District of Columbia; District of Columbia,11,001,004002,3291,557,175,396,887,371,462,2174,398,3291,3291,3291,557,1131,557,557,303,2095,510,250,11001004002
307,1452,399,2212,246,401,535,344,325,2363,108,399,2363,51,2363,82,254,399,Census Tract 41; District of Columbia; District of Columbia,11,001,004100,2363,399,210,300,471,133,182,1683,144,2363,2363,2363,399,572,399,399,318,1417,382,121,11001004100
311,1711,506,3192,62,334,178,173,499,3224,119,506,3224,182,3224,177,70,506,Census Tract 42.01; District of Columbia; District of Columbia,11,001,004201,3224,506,63,51,292,344,520,2498,346,3224,3224,3224,506,1205,506,506,118,1928,284,134,11001004201
175,1310,408,2535,36,490,240,300,409,2613,97,409,2554,73,2600,133,31,409,Census Tract 42.02; District of Columbia; District of Columbia,11,001,004202,2613,409,24,87,384,171,199,1708,123,2613,2613,2613,409,909,409,409,132,1615,454,248,11001004202
635,2373,860,4180,383,245,394,136,702,4387,122,860,4387,171,4325,259,287,877,Census Tract 43; District of Columbia; District of Columbia,11,001,004300,4387,860,311,403,733,277,392,2567,332,4387,4387,4387,860,1600,860,860,442,2665,876,463,11001004300
428,1265,981,3036,31,201,144,95,697,3388,78,981,3388,58,3367,85,38,982,Census Tract 44.01; District of Columbia; District of Columbia,11,001,004401,3388,981,675,587,466,211,233,2065,228,3388,3388,3388,981,761,981,981,158,1869,255,135,11001004401
359,1214,447,2346,83,283,202,172,431,2503,51,447,2496,144,2480,202,66,440,Census Tract 44.02; District of Columbia; District of Columbia,11,001,004402,2503,447,64,228,294,120,208,1586,155,2503,2503,2503,447,433,447,447,112,1234,151,111,11001004402
465,1744,566,2916,15,802,300,344,536,3058,83,566,3058,87,3047,260,18,567,Census Tract 46; District of Columbia; District of Columbia,11,001,004600,3058,566,232,512,249,110,364,1476,212,3058,3058,3058,566,384,566,566,93,1498,210,178,11001004600
427,1900,706,3409,59,446,240,122,706,3476,69,706,3313,108,3313,215,46,706,Census Tract 47.02; District of Columbia; District of Columbia,11,001,004702,3476,706,53,67,504,199,754,2322,379,3476,3476,3476,706,1184,706,706,142,2264,460,193,11001004702
392,1932,629,3331,482,1473,195,544,638,3400,98,629,3400,237,3390,260,432,631,Census Tract 47.03; District of Columbia; District of Columbia,11,001,004703,3400,629,127,361,843,326,289,1188,352,3400,3400,3400,629,1165,629,629,445,1916,254,136,11001004703
268,1198,373,1361,51,1404,187,332,286,1580,121,373,1580,82,1565,158,61,373,Census Tract 47.04; District of Columbia; District of Columbia,11,001,004704,1580,373,135,465,28,119,75,104,142,1580,1580,1580,373,517,373,373,50,728,46,57,11001004704
280,1277,480,2596,146,523,347,232,442,2751,192,480,2745,85,2712,140,110,469,Census Tract 48.01; District of Columbia; District of Columbia,11,001,004801,2751,480,71,205,346,137,198,1430,265,2751,2751,2751,480,546,480,480,149,1479,538,370,11001004801
340,1416,692,2920,153,377,233,182,687,2974,54,692,2974,122,2962,234,112,693,Census Tract 48.02; District of Columbia; District of Columbia,11,001,004802,2974,692,344,313,384,147,170,1115,158,2974,2974,2974,692,566,692,692,131,1662,441,449,11001004802
320,1564,442,3265,231,1064,394,455,467,3381,187,442,3381,255,3359,386,179,440,Census Tract 49.01; District of Columbia; District of Columbia,11,001,004901,3381,442,238,417,548,145,269,1773,271,3381,3381,3381,442,571,442,442,299,1909,504,386,11001004901
297,1630,401,3353,65,595,185,119,399,3367,67,401,3367,57,3352,97,48,403,Census Tract 49.02; District of Columbia; District of Columbia,11,001,004902,3367,401,56,338,593,254,267,1948,291,3367,3367,3367,401,1069,401,401,172,2182,401,234,11001004902
197,882,497,2006,93,101,123,63,486,2064,66,497,2064,52,2064,86,86,497,Census Tract 50.01; District of Columbia; District of Columbia,11,001,005001,2064,497,159,241,415,289,335,1368,296,2064,2064,2064,497,634,497,497,249,1104,135,81,11001005001
213,832,313,1766,150,327,22,77,313,1766,20,313,1766,76,1766,157,32,313,Census Tract 50.03; District of Columbia; District of Columbia,11,001,005003,1766,313,23,15,416,123,260,1120,129,1766,1766,1766,313,679,313,313,148,1117,261,98,11001005003
275,1779,409,3457,559,1545,408,449,405,3703,162,409,3703,183,3661,409,233,418,Census Tract 50.04; District of Columbia; District of Columbia,11,001,005004,3703,409,122,423,958,247,483,1902,226,3703,3703,3703,409,1388,409,409,283,2265,887,318,11001005004
243,1212,495,2973,13,291,511,171,499,2973,253,499,2960,217,2973,287,21,499,Census Tract 52.02; District of Columbia; District of Columbia,11,001,005202,2973,499,21,13,317,288,483,2479,315,2973,2973,2973,499,1129,499,499,159,2080,197,111,11001005202
377,1672,502,3060,475,403,317,251,500,3114,263,502,3114,247,3114,305,274,502,Census Tract 52.03; District of Columbia; District of Columbia,11,001,005203,3114,502,81,54,821,337,463,1721,360,3114,3114,3114,502,1561,502,502,330,2346,632,290,11001005203
207,1077,338,2329,38,193,212,125,334,2547,137,338,2547,64,2531,74,39,340,Census Tract 53.02; District of Columbia; District of Columbia,11,001,005302,2547,338,96,269,420,223,324,1952,231,2547,2547,2547,338,860,338,338,132,1606,373,182,11001005302
283,1298,366,2485,78,345,391,155,365,2503,169,366,2490,104,2490,188,58,366,Census Tract 53.03; District of Columbia; District of Columbia,11,001,005303,2503,366,6,64,478,265,321,1724,309,2503,2503,2503,366,1328,366,366,162,1985,230,141,11001005303
207,790,378,1740,115,228,162,109,369,1759,87,378,1757,161,1748,245,93,378,Census Tract 55.01; District of Columbia; District of Columbia,11,001,005501,1759,378,69,61,492,203,360,1400,235,1759,1759,1759,378,706,378,378,225,1271,388,202,11001005501
204,1137,423,2397,167,414,443,158,338,2487,126,424,2301,145,2323,318,89,421,Census Tract 55.02; District of Columbia; District of Columbia,11,001,005502,2487,424,139,119,377,172,428,1779,199,2487,2487,2487,424,893,424,424,154,1561,104,83,11001005502
255,924,353,1693,62,565,261,240,353,1693,107,353,1693,105,1693,156,64,353,Census Tract 55.03; District of Columbia; District of Columbia,11,001,005503,1693,353,14,0,360,214,353,1301,238,1693,1693,1693,353,672,353,353,132,1190,173,113,11001005503
367,1466,397,2477,77,738,287,166,396,2508,116,397,2499,101,2441,152,97,389,Census Tract 56.01; District of Columbia; District of Columbia,11,001,005601,2508,397,16,31,705,305,315,1641,364,2508,2508,2508,397,1283,397,397,342,1992,302,283,11001005601
335,2294,414,3870,441,545,956,191,349,4034,176,411,3018,162,4034,490,231,411,Census Tract 56.02; District of Columbia; District of Columbia,11,001,005602,4034,411,159,241,1489,217,335,2589,209,4034,4034,4034,411,879,411,411,412,1976,615,234,11001005602
348,983,274,1708,140,408,349,97,271,1780,98,274,1767,67,1780,252,68,274,Census Tract 58.01; District of Columbia; District of Columbia,11,001,005801,1780,274,27,72,288,178,272,1293,245,1780,1780,1780,274,640,274,274,96,1104,148,60,11001005801
149,757,285,1923,54,370,219,162,281,1936,103,285,1936,117,1879,205,46,295,Census Tract 58.02; District of Columbia; District of Columbia,11,001,005802,1936,285,21,13,431,193,225,1178,191,1936,1936,1936,285,725,285,285,215,1367,374,189,11001005802
165,986,367,2389,39,426,159,135,361,2403,96,366,2246,87,2403,196,28,366,Census Tract 59; District of Columbia; District of Columbia,11,001,005900,2403,366,30,23,334,221,368,1614,264,2403,2403,2403,366,866,366,366,130,1483,223,164,11001005900
369,1413,481,2755,71,1436,364,450,393,2978,136,561,2904,186,2953,479,63,563,Census Tract 64; District of Columbia; District of Columbia,11,001,006400,2978,561,321,516,94,176,183,621,182,2978,2978,2978,561,827,561,561,73,1674,51,47,11001006400
427,1561,452,2357,74,500,433,290,435,2549,164,451,2512,55,2549,117,91,451,Census Tract 65; District of Columbia; District of Columbia,11,001,006500,2549,451,176,440,337,118,412,1854,344,2549,2549,2549,451,356,451,451,136,1365,307,303,11001006500
266,1066,515,1982,36,370,337,280,484,2150,79,514,2138,63,2125,137,58,517,Census Tract 66; District of Columbia; District of Columbia,11,001,006600,2150,514,101,346,182,99,523,1713,232,2150,2150,2150,514,290,514,514,77,1091,113,85,11001006600
256,2031,375,3622,39,97,914,59,343,3930,209,375,3921,117,3860,269,36,373,Census Tract 67; District of Columbia; District of Columbia,11,001,006700,3930,375,127,568,162,176,346,3323,250,3930,3930,3930,375,377,375,375,80,2087,196,119,11001006700
197,1011,383,2047,28,422,121,177,302,2271,38,383,2271,80,2212,151,53,388,Census Tract 68.01; District of Columbia; District of Columbia,11,001,006801,2271,383,178,379,241,127,219,1266,151,2271,2271,2271,383,248,383,383,119,1026,192,176,11001006801
373,1235,597,2080,9,259,240,234,578,2264,87,597,2257,63,2248,70,13,600,Census Tract 68.02; District of Columbia; District of Columbia,11,001,006802,2264,597,89,326,76,51,167,1340,211,2264,2264,2264,597,87,597,597,44,1045,107,89,11001006802
181,424,51,2143,97,239,180,27,59,2143,84,59,293,130,293,97,89,51,Census Tract 68.04; District of Columbia; District of Columbia,11,001,006804,2143,59,9,6,110,30,115,239,28,2143,2143,2143,59,19,59,59,102,36,124,84,11001006804
279,1406,386,2666,27,188,189,108,365,2913,108,386,2913,63,2890,127,36,386,Census Tract 69; District of Columbia; District of Columbia,11,001,006900,2913,386,209,615,243,120,334,2104,177,2913,2913,2913,386,269,386,386,128,1392,119,74,11001006900
298,1207,448,2221,19,187,426,142,376,2462,132,448,2155,150,2132,264,24,445,Census Tract 70; District of Columbia; District of Columbia,11,001,007000,2462,448,197,424,250,110,326,1763,195,2462,2462,2462,448,234,448,448,123,1057,197,102,11001007000
336,1604,684,3379,168,1322,311,584,691,3485,108,684,3485,146,3451,503,146,681,Census Tract 71; District of Columbia; District of Columbia,11,001,007100,3485,684,215,556,287,186,223,1256,174,3485,3485,3485,684,552,684,684,151,1571,322,187,11001007100
201,1201,295,2850,47,162,9,89,295,2850,15,295,2850,141,2681,113,49,308,Census Tract 72.01; District of Columbia; District of Columbia,11,001,007201,2850,295,163,105,196,197,266,1888,167,2850,2850,2850,295,822,295,295,98,2116,198,113,11001007201
482,2345,689,5205,0,311,155,204,681,5262,105,689,5262,209,5075,352,20,707,Census Tract 72.02; District of Columbia; District of Columbia,11,001,007202,5262,689,97,92,215,306,682,4085,288,5262,5262,5262,689,1366,689,689,105,3599,297,169,11001007202
264,1810,400,3180,35,549,222,205,339,3305,103,400,3237,145,3198,346,68,396,Census Tract 72.03; District of Columbia; District of Columbia,11,001,007203,3305,400,110,333,246,208,330,1876,205,3305,3305,3305,400,717,400,400,144,1920,173,118,11001007203
326,2002,600,3759,104,978,70,477,541,4592,47,602,4260,160,3271,253,84,475,Census Tract 73.01; District of Columbia; District of Columbia,11,001,007301,4592,602,365,1809,259,17,571,2514,238,4592,4592,4592,602,10,602,602,144,1333,1008,460,11001007301
391,2306,711,4281,34,1747,743,632,695,4383,199,711,4195,301,4195,1018,93,711,Census Tract 73.04; District of Columbia; District of Columbia,11,001,007304,4383,711,487,902,34,505,204,209,485,4383,4383,4383,711,1197,711,711,93,2150,34,38,11001007304
253,961,315,1281,48,853,293,247,273,1458,153,302,1398,105,1456,257,45,303,Census Tract 74.01; District of Columbia; District of Columbia,11,001,007401,1458,302,119,392,59,203,34,29,199,1458,1458,1458,302,500,302,302,56,773,18,24,11001007401
353,1415,728,2572,0,2475,90,752,699,2779,66,728,2779,185,2779,398,14,728,Census Tract 74.03; District of Columbia; District of Columbia,11,001,007403,2779,728,512,1319,114,210,23,14,177,2779,2779,2779,728,416,728,728,138,970,113,179,11001007403
465,2435,648,3937,7,1284,93,580,679,4304,50,648,4304,215,4304,565,13,648,Census Tract 74.04; District of Columbia; District of Columbia,11,001,007404,4304,648,304,1702,40,174,33,23,222,4304,4304,4304,648,465,648,648,52,1379,424,376,11001007404
408,1939,610,2579,0,1374,22,620,534,2803,31,610,2803,137,2776,286,14,606,Census Tract 74.06; District of Columbia; District of Columbia,11,001,007406,2803,610,452,973,0,205,14,0,204,2803,2803,2803,610,547,610,610,14,1268,0,14,11001007406
380,1811,627,3126,131,1645,351,672,565,3407,99,627,3407,238,3379,549,114,621,Census Tract 74.07; District of Columbia; District of Columbia,11,001,007407,3407,627,519,1195,197,152,142,198,149,3407,3407,3407,627,479,627,627,119,1499,93,117,11001007407
1021,2513,1379,3424,67,3120,322,1367,926,4124,140,1379,3940,393,3940,673,77,1379,Census Tract 74.08; District of Columbia; District of Columbia,11,001,007408,4124,1379,1106,1915,33,160,53,118,329,4124,4124,4124,1379,743,1379,1379,48,1422,52,62,11001007408
582,2176,722,3155,0,2062,493,807,588,3387,194,722,3387,247,3387,634,14,722,Census Tract 74.09; District of Columbia; District of Columbia,11,001,007409,3387,722,555,863,60,345,26,16,348,3387,3387,3387,722,1042,722,722,64,1754,0,14,11001007409
797,2709,917,4426,0,2211,502,833,819,4999,148,922,4568,376,4624,869,14,923,Census Tract 75.02; District of Columbia; District of Columbia,11,001,007502,4999,922,607,1809,115,212,80,56,310,4999,4999,4999,922,927,922,922,94,1900,0,14,11001007502
342,1256,655,2232,31,850,209,266,575,2440,107,655,2440,125,2440,290,51,655,Census Tract 75.03; District of Columbia; District of Columbia,11,001,007503,2440,655,486,796,68,125,89,149,138,2440,2440,2440,655,414,655,655,55,945,123,120,11001007503
290,1259,592,2561,38,1398,282,557,495,2815,126,592,2815,199,2815,658,62,592,Census Tract 75.04; District of Columbia; District of Columbia,11,001,007504,2815,592,423,742,55,168,44,38,190,2815,2815,2815,592,699,592,592,62,1355,70,74,11001007504
708,3282,896,4524,87,1971,588,834,763,4949,162,901,4913,214,4913,633,68,896,Census Tract 76.01; District of Columbia; District of Columbia,11,001,007601,4949,901,550,1252,413,286,97,196,331,4949,4949,4949,901,583,901,901,249,2073,130,132,11001007601
626,2343,866,4079,4,557,604,304,799,4281,207,866,4281,223,4281,616,8,866,Census Tract 76.03; District of Columbia; District of Columbia,11,001,007603,4281,866,546,886,59,242,103,113,265,4281,4281,4281,866,448,866,866,69,2196,173,246,11001007603
458,2049,729,3690,124,1124,650,552,719,3738,260,729,3738,214,3738,679,114,729,Census Tract 76.04; District of Columbia; District of Columbia,11,001,007604,3738,729,277,491,266,229,82,261,274,3738,3738,3738,729,687,729,729,134,1959,177,113,11001007604
367,2065,548,3688,24,1253,868,481,540,3793,293,548,3779,339,3779,1032,35,548,Census Tract 76.05; District of Columbia; District of Columbia,11,001,007605,3793,548,279,696,79,320,54,72,389,3793,3793,3793,548,914,548,548,58,1978,15,25,11001007605
566,3206,1056,6381,433,2499,624,1016,1004,7140,159,1051,7109,349,7140,765,314,1051,Census Tract 77.03; District of Columbia; District of Columbia,11,001,007703,7140,1051,422,2517,983,314,67,51,399,7140,7140,7140,1051,779,1051,1051,587,2307,2051,1095,11001007703
470,2061,869,3884,0,2020,611,865,699,4345,202,869,4345,247,4345,856,14,869,Census Tract 77.07; District of Columbia; District of Columbia,11,001,007707,4345,869,533,1027,163,244,50,57,312,4345,4345,4345,869,694,869,869,168,1836,178,150,11001007707
366,1252,535,2420,34,827,442,360,530,2444,296,535,2444,253,2420,701,55,531,Census Tract 77.08; District of Columbia; District of Columbia,11,001,007708,2444,535,287,446,60,191,5,2,178,2444,2444,2444,535,610,535,535,57,1149,34,55,11001007708
561,1375,588,2474,0,1584,335,640,545,2512,137,589,2500,189,2500,554,14,588,Census Tract 77.09; District of Columbia; District of Columbia,11,001,007709,2512,589,225,581,24,330,48,54,310,2512,2512,2512,589,676,589,589,34,1271,128,159,11001007709
510,2590,854,4465,0,2213,898,937,819,4968,698,857,4922,512,4957,1151,14,857,Census Tract 78.03; District of Columbia; District of Columbia,11,001,007803,4968,857,384,1433,151,266,57,58,402,4968,4968,4968,857,959,857,857,110,2523,67,75,11001007803
694,2314,886,3876,90,2080,649,776,873,4078,125,887,3779,278,3779,731,136,886,Census Tract 78.04; District of Columbia; District of Columbia,11,001,007804,4078,887,483,1306,226,182,132,176,380,4078,4078,4078,887,610,887,887,294,1589,33,41,11001007804
215,988,446,2151,58,759,486,353,417,2361,159,446,2358,97,2358,261,75,446,Census Tract 78.06; District of Columbia; District of Columbia,11,001,007806,2361,446,155,434,132,225,142,173,193,2361,2361,2361,446,453,446,446,94,1163,17,34,11001007806
297,1312,604,2317,42,1145,277,363,580,2477,66,604,2473,115,2473,426,55,604,Census Tract 78.07; District of Columbia; District of Columbia,11,001,007807,2477,604,209,651,110,97,48,45,197,2477,2477,2477,604,344,604,604,96,919,156,159,11001007807
557,2118,1041,4074,23,1715,517,995,1028,4105,151,1040,4093,312,4093,818,31,1041,Census Tract 78.08; District of Columbia; District of Columbia,11,001,007808,4105,1040,692,1261,148,129,31,48,282,4105,4105,4105,1040,308,1040,1040,122,1560,263,224,11001007808
319,1596,737,2566,41,915,347,429,588,3134,138,737,3132,123,3132,311,64,737,Census Tract 78.09; District of Columbia; District of Columbia,11,001,007809,3134,737,356,931,175,201,77,108,156,3134,3134,3134,737,326,737,737,145,1192,302,374,11001007809
527,2354,889,3906,52,1778,712,550,824,4397,676,889,4397,137,4317,542,54,898,Census Tract 79.01; District of Columbia; District of Columbia,11,001,007901,4397,889,435,1296,471,142,233,944,338,4397,4397,4397,889,594,889,889,196,1693,578,324,11001007901
222,973,348,1764,32,430,171,152,341,1859,56,348,1859,86,1844,209,42,348,Census Tract 79.03; District of Columbia; District of Columbia,11,001,007903,1859,348,151,329,132,68,96,441,101,1859,1859,1859,348,200,348,348,71,786,131,74,11001007903
178,1225,415,2741,44,149,115,91,397,3058,60,415,3048,41,3048,50,44,415,Census Tract 80.01; District of Columbia; District of Columbia,11,001,008001,3058,415,127,621,322,65,369,2198,274,3058,3058,3058,415,147,415,415,177,1441,259,122,11001008001
239,1694,398,2987,24,383,313,175,411,3286,51,398,3266,80,3266,155,28,398,Census Tract 80.02; District of Columbia; District of Columbia,11,001,008002,3286,398,232,857,264,70,359,2178,148,3286,3286,3286,398,168,398,398,158,1424,223,124,11001008002
380,1690,448,3001,13,97,208,58,466,3183,50,448,3177,50,3172,97,19,448,Census Tract 81; District of Columbia; District of Columbia,11,001,008100,3183,448,109,567,220,80,444,2641,254,3183,3183,3183,448,247,448,448,94,1544,287,167,11001008100
270,1522,386,2554,12,201,338,117,299,2805,94,388,2702,103,2793,125,13,388,Census Tract 82; District of Columbia; District of Columbia,11,001,008200,2805,388,130,377,232,187,312,1974,199,2805,2805,2805,388,661,388,388,101,1512,212,82,11001008200
150,1449,309,2930,15,233,272,110,313,3077,103,309,2978,64,3077,120,23,309,Census Tract 83.01; District of Columbia; District of Columbia,11,001,008301,3077,309,90,385,406,118,295,2231,172,3077,3077,3077,309,472,309,309,158,1627,391,237,11001008301
257,1458,489,2742,39,122,291,83,495,2871,54,489,2735,43,2695,68,32,492,Census Tract 83.02; District of Columbia; District of Columbia,11,001,008302,2871,489,168,528,224,99,445,2202,188,2871,2871,2871,489,301,489,489,116,1309,380,260,11001008302
262,1579,325,2472,14,259,195,125,337,2557,54,325,2552,81,2552,191,22,325,Census Tract 84.02; District of Columbia; District of Columbia,11,001,008402,2557,325,113,383,134,135,299,1587,201,2557,2557,2557,325,457,325,325,76,1423,284,174,11001008402
197,1116,429,1876,12,191,89,140,362,2138,48,429,2130,104,2138,141,18,429,Census Tract 84.10; District of Columbia; District of Columbia,11,001,008410,2138,429,262,609,114,69,249,1001,116,2138,2138,2138,429,161,429,429,65,845,352,283,11001008410
235,1158,465,2511,74,464,159,236,457,2618,79,464,2596,90,2608,144,55,465,Census Tract 87.01; District of Columbia; District of Columbia,11,001,008701,2618,464,80,194,247,77,440,1294,235,2618,2618,2618,464,182,464,464,127,1146,47,38,11001008701
510,1809,577,3288,26,557,206,202,565,3521,100,577,3521,104,3518,231,40,579,Census Tract 87.02; District of Columbia; District of Columbia,11,001,008702,3521,577,168,437,217,194,288,1371,375,3521,3521,3521,577,871,577,577,113,2171,396,308,11001008702
338,2123,567,4326,325,1418,438,382,548,4605,83,575,4546,138,4564,348,199,575,Census Tract 88.02; District of Columbia; District of Columbia,11,001,008802,4605,575,254,874,580,148,263,1093,196,4605,4605,4605,575,526,575,575,243,1962,383,301,11001008802
353,2242,564,4439,161,1335,174,323,564,4473,151,568,3910,193,4385,585,113,566,Census Tract 88.03; District of Columbia; District of Columbia,11,001,008803,4473,568,188,479,406,348,233,1291,329,4473,4473,4473,568,947,568,568,168,2057,434,159,11001008803
556,1324,610,2204,78,766,187,401,559,2338,72,610,2332,229,2338,497,72,610,Census Tract 88.04; District of Columbia; District of Columbia,11,001,008804,2338,610,230,262,233,172,200,425,502,2338,2338,2338,610,537,610,610,145,1505,325,166,11001008804
536,1847,1041,3441,4,1847,243,826,964,3668,121,1086,3485,192,3668,487,9,1086,Census Tract 89.03; District of Columbia; District of Columbia,11,001,008903,3668,1086,624,1047,103,243,78,191,277,3668,3668,3668,1086,828,1086,1086,117,1684,83,84,11001008903
549,2074,917,3625,81,1813,408,655,859,3826,199,917,3826,275,3806,746,104,918,Census Tract 89.04; District of Columbia; District of Columbia,11,001,008904,3826,917,386,709,420,202,201,441,327,3826,3826,3826,917,544,917,917,263,1818,284,209,11001008904
295,1928,603,3568,0,813,1106,282,617,3679,330,603,3679,311,3679,954,14,603,Census Tract 90; District of Columbia; District of Columbia,11,001,009000,3679,603,151,495,66,155,146,395,391,3679,3679,3679,603,547,603,603,79,2383,44,60,11001009000
496,2480,676,3796,118,1384,451,506,582,4352,140,677,4341,208,4347,616,103,677,Census Tract 91.02; District of Columbia; District of Columbia,11,001,009102,4352,677,329,1058,596,192,377,912,235,4352,4352,4352,677,686,677,677,312,1923,444,386,11001009102
222,1441,409,2841,102,685,218,236,381,3058,137,411,2876,206,3035,431,85,412,Census Tract 92.01; District of Columbia; District of Columbia,11,001,009201,3058,411,271,557,336,116,268,1660,119,3058,3058,3058,411,330,411,411,127,1289,332,153,11001009201
510,2081,728,3078,142,451,408,204,693,3320,212,728,3320,224,3320,362,209,728,Census Tract 92.03; District of Columbia; District of Columbia,11,001,009203,3320,728,207,402,441,229,273,888,285,3320,3320,3320,728,578,728,728,261,1565,263,192,11001009203
412,1879,554,3011,592,1641,491,533,536,3388,182,554,3388,251,3388,655,287,554,Census Tract 92.04; District of Columbia; District of Columbia,11,001,009204,3388,554,382,1112,911,165,166,328,196,3388,3388,3388,554,788,554,554,346,1621,579,301,11001009204
288,1601,516,3215,84,408,342,158,505,3388,81,516,3388,89,3382,171,127,517,Census Tract 93.01; District of Columbia; District of Columbia,11,001,009301,3388,516,142,699,306,65,441,1380,342,3388,3388,3388,516,84,516,516,191,1417,114,105,11001009301
184,779,306,1664,43,389,45,189,275,1821,29,306,1821,81,1821,99,46,306,Census Tract 93.02; District of Columbia; District of Columbia,11,001,009302,1821,306,136,212,256,114,139,685,164,1821,1821,1821,306,284,306,306,152,996,298,231,11001009302
359,2533,728,4564,115,652,831,372,570,4966,172,730,4946,222,4966,517,106,730,Census Tract 94; District of Columbia; District of Columbia,11,001,009400,4966,730,295,1172,232,156,611,1186,241,4966,4966,4966,730,257,730,730,111,1849,263,169,11001009400
402,1755,697,3142,403,935,584,588,663,3438,149,697,3409,157,3405,299,417,698,Census Tract 95.03; District of Columbia; District of Columbia,11,001,009503,3438,697,420,1086,313,28,265,845,176,3438,3438,3438,697,31,697,697,216,1202,258,174,11001009503
298,1664,365,2905,316,665,940,299,357,3037,197,365,2810,144,2814,436,191,365,Census Tract 95.04; District of Columbia; District of Columbia,11,001,009504,3037,365,133,288,615,85,227,1014,155,3037,3037,3037,365,166,365,365,316,1214,183,142,11001009504
436,2590,549,4319,127,428,533,201,531,4407,108,548,4392,166,4392,604,89,549,Census Tract 95.05; District of Columbia; District of Columbia,11,001,009505,4407,548,278,974,366,167,172,493,372,4407,4407,4407,548,300,548,548,204,1871,157,106,11001009505
204,929,316,1487,274,626,346,287,320,1636,72,316,1636,63,1636,220,213,316,Census Tract 95.07; District of Columbia; District of Columbia,11,001,009507,1636,316,100,417,329,52,70,156,137,1636,1636,1636,316,99,316,316,221,587,288,93,11001009507
949,2360,974,3763,304,948,672,274,959,3910,215,975,3897,259,3910,744,152,975,Census Tract 95.08; District of Columbia; District of Columbia,11,001,009508,3910,975,439,959,345,203,130,164,250,3910,3910,3910,975,579,975,975,163,1880,334,121,11001009508
298,1893,529,2899,44,134,545,89,458,3274,100,529,3274,124,3274,425,48,529,Census Tract 95.09; District of Columbia; District of Columbia,11,001,009509,3274,529,230,705,253,126,250,722,189,3274,3274,3274,529,263,529,529,180,1388,399,200,11001009509
547,2345,827,4390,872,2618,572,562,769,4788,336,827,4788,229,4786,497,255,830,Census Tract 95.10; District of Columbia; District of Columbia,11,001,009510,4788,827,415,1462,1464,123,221,276,225,4788,4788,4788,827,493,827,827,315,1925,1706,574,11001009510
196,766,7,1426,54,122,107,7,58,1426,103,58,122,59,1378,91,75,58,Census Tract 95.11; District of Columbia; District of Columbia,11,001,009511,1426,58,13,13,155,14,154,924,14,1426,1426,1426,58,0,58,58,106,0,203,92,11001009511
316,1376,464,2079,26,851,265,397,439,2218,97,464,2212,135,2212,358,38,464,Census Tract 96.01; District of Columbia; District of Columbia,11,001,009601,2218,464,248,727,102,154,126,113,153,2218,2218,2218,464,291,464,464,80,843,73,79,11001009601
414,3345,578,4957,30,3659,438,662,469,5527,126,590,5496,279,5527,882,40,590,Census Tract 96.02; District of Columbia; District of Columbia,11,001,009602,5527,590,474,1997,437,252,83,74,244,5527,5527,5527,590,1242,590,590,314,2233,290,260,11001009602
493,2294,720,4173,57,1849,760,567,718,4219,281,720,4219,270,4219,850,54,720,Census Tract 96.03; District of Columbia; District of Columbia,11,001,009603,4219,720,404,878,375,214,14,0,211,4219,4219,4219,720,707,720,720,209,1981,124,116,11001009603
370,1195,584,1743,60,468,374,216,393,1912,45,584,1912,137,1885,300,41,582,Census Tract 96.04; District of Columbia; District of Columbia,11,001,009604,1912,584,306,376,166,73,46,83,76,1912,1912,1912,584,228,584,584,84,856,101,68,11001009604
507,1646,747,2969,15,1225,869,478,660,3232,400,747,3232,363,3232,663,24,747,Census Tract 97; District of Columbia; District of Columbia,11,001,009700,3232,747,350,596,288,175,54,45,546,3232,3232,3232,747,431,747,747,328,1791,0,14,11001009700
378,1449,435,1872,11,1109,592,397,393,2075,319,435,2075,349,2075,805,14,435,Census Tract 98.01; District of Columbia; District of Columbia,11,001,009801,2075,435,145,616,11,317,52,71,326,2075,2075,2075,435,564,435,435,14,1107,42,42,11001009801
225,1091,531,1910,12,1136,374,377,410,2113,228,531,2113,268,2099,543,18,533,Census Tract 98.02; District of Columbia; District of Columbia,11,001,009802,2113,531,315,751,38,225,19,17,227,2113,2113,2113,531,475,531,531,40,862,0,14,11001009802
355,1362,548,2760,49,1134,400,391,543,2892,97,610,2696,342,2824,603,62,609,Census Tract 98.03; District of Columbia; District of Columbia,11,001,009803,2892,610,384,691,266,330,54,88,325,2892,2892,2892,610,534,610,610,238,1363,221,296,11001009803
487,1834,629,2396,92,1205,90,515,538,2643,54,629,2643,147,2643,478,97,629,Census Tract 98.04; District of Columbia; District of Columbia,11,001,009804,2643,629,372,869,195,115,121,133,134,2643,2643,2643,629,335,629,629,147,966,345,235,11001009804
302,1405,750,3032,81,958,542,306,558,3322,163,750,3250,269,3211,596,123,752,Census Tract 98.07; District of Columbia; District of Columbia,11,001,009807,3322,750,419,587,161,342,68,55,318,3322,3322,3322,750,825,750,750,152,1736,156,208,11001009807
342,1057,406,1918,39,1038,168,462,406,1918,60,406,1918,143,1918,327,60,406,Census Tract 98.10; District of Columbia; District of Columbia,11,001,009810,1918,406,244,490,107,176,61,42,184,1918,1918,1918,406,648,406,406,126,1132,42,61,11001009810
741,2668,1030,4052,41,2302,409,1075,1028,4225,153,1030,4225,255,4225,821,86,1030,Census Tract 98.11; District of Columbia; District of Columbia,11,001,009811,4225,1030,525,1233,67,245,98,69,295,4225,4225,4225,1030,820,1030,1030,92,1789,34,86,11001009811
238,1164,331,1957,9,285,621,164,326,2107,243,331,2107,160,2102,406,15,331,Census Tract 99.01; District of Columbia; District of Columbia,11,001,009901,2107,331,88,284,35,107,95,183,156,2107,2107,2107,331,156,331,331,36,947,15,18,11001009901
480,1552,844,2498,10,449,456,257,813,2742,142,844,2736,147,2736,395,13,844,Census Tract 99.02; District of Columbia; District of Columbia,11,001,009902,2742,844,226,341,24,121,174,223,312,2742,2742,2742,844,270,844,844,43,1245,156,174,11001009902
229,1110,493,1923,56,531,221,407,458,2156,42,489,2142,255,2156,298,72,489,Census Tract 99.03; District of Columbia; District of Columbia,11,001,009903,2156,489,96,536,106,53,239,166,103,2156,2156,2156,489,110,489,489,118,672,73,97,11001009903
478,1943,793,3276,111,1561,233,618,591,3632,120,792,3623,234,3623,539,99,793,Census Tract 99.04; District of Columbia; District of Columbia,11,001,009904,3632,792,540,1248,243,127,87,96,187,3632,3632,3632,792,357,792,792,205,1381,494,450,11001009904
496,1883,675,2900,0,1083,313,477,630,3182,77,675,3166,185,3166,585,14,675,Census Tract 99.05; District of Columbia; District of Columbia,11,001,009905,3182,675,431,1063,60,162,60,54,230,3182,3182,3182,675,449,675,675,60,1271,0,14,11001009905
191,1055,318,1447,42,385,328,176,297,1615,286,318,1615,94,1615,197,49,318,Census Tract 99.06; District of Columbia; District of Columbia,11,001,009906,1615,318,117,346,34,93,52,82,140,1615,1615,1615,318,325,318,318,30,750,17,27,11001009906
227,999,646,2001,36,985,192,535,646,2099,48,646,2086,102,2086,261,36,646,Census Tract 99.07; District of Columbia; District of Columbia,11,001,009907,2099,646,500,560,5,178,33,28,129,2099,2099,2099,646,425,646,646,10,873,195,252,11001009907
246,1349,414,2629,123,328,248,137,416,2659,57,414,2598,71,2631,199,72,414,Census Tract 101; District of Columbia; District of Columbia,11,001,010100,2659,414,30,62,611,232,448,1626,226,2659,2659,2659,414,1225,414,414,201,1866,341,158,11001010100
235,1201,440,2889,59,325,323,130,440,2946,128,440,2946,90,2946,188,64,440,Census Tract 102.01; District of Columbia; District of Columbia,11,001,010201,2946,440,244,332,269,247,282,1243,217,2946,2946,2946,440,1046,440,440,132,2074,170,105,11001010201
414,1366,452,2325,70,641,353,412,348,2542,148,454,2528,139,2494,276,56,460,Census Tract 102.02; District of Columbia; District of Columbia,11,001,010202,2542,454,170,265,444,208,280,1307,263,2542,2542,2542,454,607,454,454,166,1631,218,140,11001010202
352,2352,539,3978,668,748,585,336,542,4344,170,539,4323,144,4323,459,287,539,Census Tract 103; District of Columbia; District of Columbia,11,001,010300,4344,539,211,1037,892,237,192,969,234,4344,4344,4344,539,515,539,539,242,1804,877,356,11001010300
726,2139,913,4246,40,1540,520,438,893,4389,173,919,4195,203,4215,589,55,918,Census Tract 104; District of Columbia; District of Columbia,11,001,010400,4389,919,294,434,49,563,360,408,825,4389,4389,4389,919,949,919,919,58,2254,92,83,11001010400
346,2072,583,3708,98,1115,361,376,563,3844,102,583,3844,173,3827,360,92,581,Census Tract 105; District of Columbia; District of Columbia,11,001,010500,3844,583,208,354,459,266,532,1881,302,3844,3844,3844,583,942,583,583,200,2356,374,184,11001010500
239,1095,357,1884,73,356,2,142,333,1928,11,357,1928,80,1914,119,67,357,Census Tract 106.01; District of Columbia; District of Columbia,11,001,010601,1928,357,69,44,189,119,326,1127,227,1928,1928,1928,357,711,357,357,116,1307,158,100,11001010601
453,4042,709,6798,44,1059,442,467,718,7269,264,709,7218,329,7256,733,38,710,Census Tract 106.02; District of Columbia; District of Columbia,11,001,010602,7269,709,314,1137,597,300,689,3936,286,7269,7269,7269,709,1037,709,709,208,3470,447,271,11001010602
566,1615,591,2560,0,188,63,85,591,2562,56,591,2562,98,2562,232,14,591,Census Tract 106.03; District of Columbia; District of Columbia,11,001,010603,2562,591,3,2,226,422,578,1919,392,2562,2562,2562,591,1123,591,591,120,1841,248,129,11001010603
358,975,330,1609,63,331,110,120,329,1648,71,330,1554,28,1648,25,44,330,Census Tract 107; District of Columbia; District of Columbia,11,001,010700,1648,330,18,43,254,348,327,1179,340,1648,1648,1648,330,1020,330,330,108,1252,229,121,11001010700
208,2735,269,4727,220,615,34,181,272,4731,29,272,1206,124,4731,315,73,272,Census Tract 108; District of Columbia; District of Columbia,11,001,010800,4731,272,35,54,974,164,217,2766,166,4731,4731,4731,272,888,272,272,270,977,634,133,11001010800
419,1454,781,2952,77,2220,118,740,626,3355,63,781,3355,281,3355,502,59,781,Census Tract 109; District of Columbia; District of Columbia,11,001,010900,3355,781,535,918,175,206,85,84,129,3355,3355,3355,781,544,781,781,111,1353,7,15,11001010900
371,1531,554,2541,317,578,420,261,540,2763,141,554,2763,94,2709,127,369,563,Census Tract 110.01; District of Columbia; District of Columbia,11,001,011001,2763,554,166,440,60,182,548,1525,242,2763,2763,2763,554,468,554,554,61,1449,654,523,11001011001
147,818,193,1472,16,161,436,98,194,1512,110,192,1479,108,1479,195,21,193,Census Tract 110.02; District of Columbia; District of Columbia,11,001,011002,1512,192,7,40,250,120,211,995,143,1512,1512,1512,192,397,192,192,82,1127,17,17,11001011002
433,2361,754,4582,188,1463,828,592,687,4985,137,754,4765,475,4765,917,100,754,Census Tract 111; District of Columbia; District of Columbia,11,001,011100,4985,754,354,1071,520,448,155,609,419,4985,4985,4985,754,700,754,754,193,1855,724,420,11001011100
14,0,25,17,0,0,0,14,25,17,14,25,17,14,17,0,14,25,Census Tract 9800; District of Columbia; District of Columbia,11,001,980000,17,25,14,0,0,14,25,17,8,17,17,17,25,0,25,25,14,5,0,14,11001980000
